audit_row,legacy_location_path_id,legacy_path,legacy_level,disposition,resolves_after_change,candidate_paths,candidate_ids,finding,next_action,legacy_agencies,current_agency_paths,current_agency_addresses,geographic_source,census_check,census_alias_target,census_same_name_paths,census_current_paths_match,census_geoid_counties,agencies_outside_assigned_shape,agency_point_containing_paths
1,cmpohw2l199kqqzxgfb2yqii,/ct/new-haven-county/,administrative_area,historical-administrative-area,no,,,New Haven County is an old county geography. Connecticut replaced eight county equivalents with nine planning regions; no one-to-one equivalent is established.,Keep historical county identity separate from current planning regions; do not alias the county wholesale to one region.,,,,https://www.census.gov/programs-surveys/acs/technical-documentation/user-notes/2023-01.html,Checked against saved 2025 Gazetteer and TIGER inputs,,,yes,,,
2,cvfz7cynjvu31c90r51vji6p,/ct/new-haven-county/new-haven/,place,changed-parent-candidate,no,/ct/south-central-connecticut-planning-region/new-haven/,s9qnxxb0ouon51bax2n329w6,New Haven exists under the new planning region. The old New Haven Police record is absent from current agencies. City continuity is plausible even though county continuity is not.,"Verify the city geographic identity across the hierarchy change, then add a city-path alias if equivalent.",izmed0kohy7941ipfv03zixshlfv: New Haven Police Department,,,https://www.census.gov/programs-surveys/acs/technical-documentation/user-notes/2023-01.html,Checked against saved 2025 Gazetteer and TIGER inputs,,/ct/south-central-connecticut-planning-region/new-haven/,yes,0952000: South Central Connecticut [09170],,
3,cg2n9agrzz5m1gsbevg42rqf,/mn/jackson-county/alba-township/,place,missing-place,no,,,Alba Township has no exact canonical match. Alpha is a different name and is not an established equivalent.,"Verify the community and its hierarchy from geographic evidence; if absent, create a separate manual location rather than an alias to a nearby place.",,,,,Checked against saved 2025 Gazetteer and TIGER inputs,,,yes,,,
4,c8gr6bl9bb9i9rmwgo95gord,/mn/ramsey-county/saint-paul/,place,alias-added,yes,/mn/ramsey-county/st-paul/,jvtnc88ydt8zop7vtj7dcb2j,"Spelling, spacing, punctuation, or abbreviation variant within the same state and county.",Applied through manual source; replay verified.,cm7a0bgot048vewvgv748afah: State of Minnesota | cm90a1b2c3d4e5f6g7h8i9j1l: Minnesota State Patrol,cm7a0bgot048vewvgv748afah: /tx/hill-county/abbott/,"cm7a0bgot048vewvgv748afah: Null, Abbott, TX, 00000-0000",,Checked against saved 2025 Gazetteer and TIGER inputs,,,yes,2758000: Ramsey [27123] | 4800100: Hill [48217],cm7a0bgot048vewvgv748afah,"cm7a0bgot048vewvgv748afah: /tx/, /tx/hill-county/"
5,c1hcdbfooxml01qfrfbgbexe,/ny/new-york-county/new-york/,place,alias-already-present,yes,/ny/queens-county/new-york/,hizxmk9xaw9xeprduwpl8jln,Existing alias verified against raw Census place/county overlap: the same place spans multiple counties. The current canonical county and alias agree with the Census import policy.,Retain existing alias.,zadxj7xit0wiyyja3jqet2ajhges: New York City Police Department,,,,Checked against saved 2025 Gazetteer and TIGER inputs,/ny/queens-county/new-york/,/ny/queens-county/new-york/,yes,"3651000: Queens [36081], Richmond [36085], Kings [36047], Bronx [36005], New York [36061]",,
6,cebydviefa4lpellq0sns63h,/tx/anderson-county/tennessee-colony/,place,missing-place,no,,,Tennessee Colony is a distinct Anderson County community. Cayuga ISD Police currently resolves to Trinidad in Henderson County; that assignment does not establish equivalence.,"Verify the community and its hierarchy from geographic evidence; if absent, create a separate manual location rather than an alias to a nearby place.",cm76wpxay0014vrvgicuzi1y4: Cayuga ISD Police Department,cm76wpxay0014vrvgicuzi1y4: /tx/henderson-county/trinidad/,"cm76wpxay0014vrvgicuzi1y4: 17750 N US Highway 287, Tennessee Colony, TX, 75861-3332",https://www.tshaonline.org/handbook/entries/tennessee-colony-tx,Checked against saved 2025 Gazetteer and TIGER inputs,,,yes,4873652: Henderson [48213],cm76wpxay0014vrvgicuzi1y4,"cm76wpxay0014vrvgicuzi1y4: /tx/, /tx/anderson-county/"
7,czrvjmpgqjzd89lpb01weszr,/tx/angelina-county/pollok/,place,missing-place,no,,,Pollok is an Angelina County community. Central ISD currently resolves to Hudson; that assignment does not establish equivalence.,"Verify the community and its hierarchy from geographic evidence; if absent, create a separate manual location rather than an alias to a nearby place.",cm76wpxaz003fvrvg17anj5p7: Central Independent School District,cm76wpxaz003fvrvg17anj5p7: /tx/angelina-county/hudson/,"cm76wpxaz003fvrvg17anj5p7: 7622 US Hwy 69 N, Pollok, TX, 75969",https://www.tshaonline.org/handbook/entries/pollok-tx,Checked against saved 2025 Gazetteer and TIGER inputs,,,yes,4835228: Angelina [48005],cm76wpxaz003fvrvg17anj5p7,"cm76wpxaz003fvrvg17anj5p7: /tx/, /tx/angelina-county/"
8,c4rszx6dlr09rngtvq4fqosm,/tx/archer-county/archer/,place,expanded-name-candidate,no,/tx/archer-county/archer-city/,c7ne85g4lwe83ps4lxk7u1pb,Archer County Constable Pct. 3 now resolves to Archer City. Archer may be a truncated city name.,Confirm the legacy geographic identity and official name; then add an alias if they denote the same place.,cm76wpxaz004kvrvgl13cxmgt: Archer Co. Const. Pct. 3,cm76wpxaz004kvrvgl13cxmgt: /tx/archer-county/archer-city/,"cm76wpxaz004kvrvgl13cxmgt: 100 Law Enforcement Way, Archer, TX, 76351",,Checked against saved 2025 Gazetteer and TIGER inputs,,,yes,4803696: Archer [48009],,"cm76wpxaz004kvrvgl13cxmgt: /tx/, /tx/archer-county/, /tx/archer-county/archer-city/"
9,cygscanr4ccuwfzz7vqstn1u,/tx/austin-county/belleville/,place,alias-added,yes,/tx/austin-county/bellville/,ccycz4nkjweqwwz7714r9jwr,"Spelling, spacing, punctuation, or abbreviation variant within the same state and county.",Applied through manual source; replay verified.,cm76wpxaz0063vrvgrr8j9m0t: 155TH Judicial Dist. CSCD,cm76wpxaz0063vrvgrr8j9m0t: /tx/austin-county/bellville/,"cm76wpxaz0063vrvgrr8j9m0t: 265 N. Chesley, Ste 6, Bellville, TX, 77418",,Checked against saved 2025 Gazetteer and TIGER inputs,,,yes,4807432: Austin [48015],cm76wpxaz0063vrvgrr8j9m0t,"cm76wpxaz0063vrvgrr8j9m0t: /tx/, /tx/austin-county/"
10,cyoetcck4uszov6w25j20qsy,/tx/austin-county/bleiblerville/,place,missing-place,no,,,"Bleiblerville is a distinct Austin County community near Industry, not a misspelling of Bellville. The constable currently resolves to Industry.","Verify the community and its hierarchy from geographic evidence; if absent, create a separate manual location rather than an alias to a nearby place.",cm76wpxaz006cvrvgnjbqazt8: Austin Co. Const. Pct. 2,cm76wpxaz006cvrvgnjbqazt8: /tx/austin-county/industry/,"cm76wpxaz006cvrvgnjbqazt8: P.O. Box 142, Bleiblerville, TX, 78931",https://www.tshaonline.org/handbook/entries/bleiblerville-tx,Checked against saved 2025 Gazetteer and TIGER inputs,,,yes,4835984: Austin [48015],cm76wpxaz006cvrvgnjbqazt8,"cm76wpxaz006cvrvgnjbqazt8: /tx/, /tx/austin-county/"
11,c9rpxq48do8r6bznlzzoxc9a,/tx/bandera-county/medina/,place,wrong-place-assignment,no,/tx/zapata-county/medina/,fbdnj6b9swid8265n7gl1mdh,"Medina in Bandera County is a distinct community, absent from canonical locations. Bandera County Constable Pct. 3 and Medina ISD Police currently point to Medina in Zapata County; that target is rejected.",Create the distinct Bandera County location from verified geographic evidence and correct the two agency assignments; do not alias to Zapata County.,cm76wpxaz007lvrvg6utatpx0: Bandera Co. Const. Pct. 3 | cm76wpxb0007tvrvgxic15mnx: Medina ISD Police Department,cm76wpxaz007lvrvg6utatpx0: /tx/zapata-county/medina/ | cm76wpxb0007tvrvgxic15mnx: /tx/zapata-county/medina/,"cm76wpxaz007lvrvg6utatpx0: P.O. Box 1557, Medina, TX, 78055 | cm76wpxb0007tvrvgxic15mnx: 1 Bobcat Lane, Medina, TX, 78055",https://www.tshaonline.org/handbook/entries/medina-tx,Checked against saved 2025 Gazetteer and TIGER inputs,,/tx/zapata-county/medina/,yes,4847406: Zapata [48505],,"cm76wpxaz007lvrvg6utatpx0: /tx/, /tx/zapata-county/, /tx/zapata-county/medina/ | cm76wpxb0007tvrvgxic15mnx: /tx/, /tx/zapata-county/, /tx/zapata-county/medina/"
12,c3ppx2fq738m5j3u6ogoyg0x,/tx/bandera-county/utopia/,place,county-or-mailing-conflict,no,/tx/uvalde-county/utopia/,yxlzdc13z74iphqdgz6492td,The same-name place and the current Bandera County constable assignment are in Uvalde County; verify mailing address versus jurisdiction.,"Verify the original address and intended geographic entity before deciding whether to correct the hierarchy, agency assignment, or add a path alias.",cm76wpxb0007ovrvgsez3548d: Bandera Co. Const. Pct. 4,cm76wpxb0007ovrvgsez3548d: /tx/uvalde-county/utopia/,"cm76wpxb0007ovrvgsez3548d: P. O. Box 377, Utopia, TX, 78884",,Checked against saved 2025 Gazetteer and TIGER inputs,,/tx/uvalde-county/utopia/,yes,4874576: Uvalde [48463],,"cm76wpxb0007ovrvgsez3548d: /tx/, /tx/uvalde-county/, /tx/uvalde-county/utopia/"
13,c8fssjtfcduyi9lcqz94idzf,/tx/bee-county/beevillle/,place,alias-added,yes,/tx/bee-county/beeville/,cn85chxd3q39odayp6nmdx1b,"Spelling, spacing, punctuation, or abbreviation variant within the same state and county.",Applied through manual source; replay verified.,cm76wpxb0009dvrvgjyaio1jd: Bee Co. Const. Pct. 2,cm76wpxb0009dvrvgjyaio1jd: /tx/bee-county/beeville/,"cm76wpxb0009dvrvgjyaio1jd: 105 W. Corpus Christi St., Rm 109, Beevillle, TX, 78102",,Checked against saved 2025 Gazetteer and TIGER inputs,,,yes,4807192: Bee [48025],,"cm76wpxb0009dvrvgjyaio1jd: /tx/, /tx/bee-county/, /tx/bee-county/beeville/"
14,cpvrx26nnxsbvrb3oifksjod,/tx/bell-county/bartlett/,place,alias-already-present,yes,/tx/williamson-county/bartlett/,g2r2gqpp3qpmmubck31sj8su,Existing alias verified against raw Census place/county overlap: the same place spans multiple counties. The current canonical county and alias agree with the Census import policy.,Retain existing alias.,cm7a0bgor03z3ewvgezcl1zk9: Bartlett Police Dept.,cm7a0bgor03z3ewvgezcl1zk9: /tx/williamson-county/bartlett/,"cm7a0bgor03z3ewvgezcl1zk9: 202 N.dalton/po Box 670, Bartlett, TX, 76511",,Checked against saved 2025 Gazetteer and TIGER inputs,/tx/williamson-county/bartlett/,/tx/williamson-county/bartlett/,yes,"4805732: Williamson [48491], Bell [48027]",,"cm7a0bgor03z3ewvgezcl1zk9: /tx/, /tx/bell-county/, /tx/williamson-county/bartlett/"
15,cnjq89q3ynf12zvby7t5yup6,/tx/bell-county/little-river/,place,expanded-name-candidate,no,/tx/bell-county/little-river-academy/,etnke8w4dw93m5bqg4cml33e,The linked agency is Little River-Academy Police and resolves to Little River-Academy. Determine whether the old label meant the whole municipality.,Confirm the legacy geographic identity and official name; then add an alias if they denote the same place.,cm76wpxb000brvrvgr9hzfa7r: Little River-Academy Police Dept.,cm76wpxb000brvrvgr9hzfa7r: /tx/bell-county/little-river-academy/,"cm76wpxb000brvrvgr9hzfa7r: P. O. Box 521, 509 E. Main Street, Little River, TX, 76554",,Checked against saved 2025 Gazetteer and TIGER inputs,,,yes,4843066: Bell [48027],,"cm76wpxb000brvrvgr9hzfa7r: /tx/, /tx/bell-county/, /tx/bell-county/little-river-academy/"
16,cx4hczes03sr2w25mczdoycf,/tx/bell-county/moody/,place,county-or-mailing-conflict,no,/tx/mclennan-county/moody/,j7ynreilh1wv1vcl0s4w8r2t,"Moody Police resolves to Moody in McLennan County, not the old Bell County hierarchy.","Verify the original address and intended geographic entity before deciding whether to correct the hierarchy, agency assignment, or add a path alias.",cm7a0bgog01wmewvgc9m33p6k: Moody Police Department,cm7a0bgog01wmewvgc9m33p6k: /tx/mclennan-county/moody/,"cm7a0bgog01wmewvgc9m33p6k: Po Box 68, Moody, TX, 76557-0068",,Checked against saved 2025 Gazetteer and TIGER inputs,,/tx/mclennan-county/moody/,yes,4849200: McLennan [48309],,"cm7a0bgog01wmewvgc9m33p6k: /tx/, /tx/mclennan-county/, /tx/mclennan-county/moody/"
17,cmn3kx7ma1l18ncza1nm472c,/tx/bexar-county/atascosa/,place,missing-place,no,,,Atascosa is a community in Bexar County. The linked agency currently resolves to Macdona; that assignment is not proof of equivalence.,"Verify the community and its hierarchy from geographic evidence; if absent, create a separate manual location rather than an alias to a nearby place.",cm76wpxb000cwvrvgz5f4fhy0: Bexar Co. CSCD,cm76wpxb000cwvrvgz5f4fhy0: /tx/bexar-county/macdona/,"cm76wpxb000cwvrvgz5f4fhy0: 13500 Herring Rd, Atascosa, TX, 78002",https://www.tshaonline.org/handbook/entries/atascosa-tx,Checked against saved 2025 Gazetteer and TIGER inputs,,,yes,4845576: Bexar [48029],cm76wpxb000cwvrvgz5f4fhy0,"cm76wpxb000cwvrvgz5f4fhy0: /tx/, /tx/bexar-county/"
18,c8u2n1rizq3jcw0ljy4cricw,/tx/bexar-county/boerne/,place,county-or-mailing-conflict,no,/tx/kendall-county/boerne/,cwfj9lo7p1g8vrdnce7ijwvi,"The old agency is Fair Oaks Ranch Police, currently assigned to Fair Oaks Ranch in Bexar County. A Boerne mailing city does not mean Fair Oaks Ranch and Boerne are interchangeable.","Verify the original address and intended geographic entity before deciding whether to correct the hierarchy, agency assignment, or add a path alias.",cm76wpxb100fgvrvgt4hr35ft: Fair Oaks Ranch Police Department,cm76wpxb100fgvrvgt4hr35ft: /tx/bexar-county/fair-oaks-ranch/,"cm76wpxb100fgvrvgt4hr35ft: 7286 Dietz Elkhorn Rd, Boerne, TX, 78015-4707",,Checked against saved 2025 Gazetteer and TIGER inputs,,/tx/kendall-county/boerne/,yes,"4809160: Kendall [48259] | 4825168: Bexar [48029], Kendall [48259], Comal [48091]",,"cm76wpxb100fgvrvgt4hr35ft: /tx/, /tx/bexar-county/, /tx/bexar-county/fair-oaks-ranch/"
19,cm393nfs9e1hlva7szykhlyc,/tx/bexar-county/saint-hedwig/,place,alias-added,yes,/tx/bexar-county/st-hedwig/,n2gnmdr6p7ds1a4ggv4f0oz8,"Spelling, spacing, punctuation, or abbreviation variant within the same state and county.",Applied through manual source; replay verified.,cm76wpxb100gfvrvg1cy6qusk: Saint Hedwig Marshal's Office,cm76wpxb100gfvrvg1cy6qusk: /tx/bexar-county/st-hedwig/,"cm76wpxb100gfvrvg1cy6qusk: 13065 FM 1346, P.O. Box 40, Saint Hedwig, TX, 78152",,Checked against saved 2025 Gazetteer and TIGER inputs,,,yes,4864172: Bexar [48029],,"cm76wpxb100gfvrvg1cy6qusk: /tx/, /tx/bexar-county/, /tx/bexar-county/st-hedwig/"
20,ckytig9hpk9irbh8efxpd4vq,/tx/bosque-county/meridan/,place,alias-added,yes,/tx/bosque-county/meridian/,csbrtup20d5s4cc7d1y36n4l,"Spelling, spacing, punctuation, or abbreviation variant within the same state and county.",Applied through manual source; replay verified.,cm76wpxb100icvrvgov1qt7m3: Meridian Police Department,cm76wpxb100icvrvgov1qt7m3: /tx/bosque-county/meridian/,"cm76wpxb100icvrvgov1qt7m3: Po Box 739, Meridian, TX, 76665-0739",,Checked against saved 2025 Gazetteer and TIGER inputs,,,yes,4847760: Bosque [48035],cm76wpxb100icvrvgov1qt7m3,"cm76wpxb100icvrvgov1qt7m3: /tx/, /tx/bosque-county/"
21,cqdt3daqtjtz5gvgb3g6c7e9,/tx/bowie-county/avery/,place,county-or-mailing-conflict,no,/tx/red-river-county/avery/,cod7595hamcs3y64uq8ro0fz,Avery is present in Red River County; the linked Bowie County constable resolves there. Verify the agency address and jurisdiction separately.,"Verify the original address and intended geographic entity before deciding whether to correct the hierarchy, agency assignment, or add a path alias.",cm76wpxb100j5vrvgj6vyl74o: Bowie Co. Const. Pct. 3,cm76wpxb100j5vrvgj6vyl74o: /tx/red-river-county/avery/,"cm76wpxb100j5vrvgj6vyl74o: 1351 FM 1326, Avery, TX, 75554",,Checked against saved 2025 Gazetteer and TIGER inputs,,/tx/red-river-county/avery/,yes,4805072: Red River [48387],cm76wpxb100j5vrvgj6vyl74o,"cm76wpxb100j5vrvgj6vyl74o: /tx/, /tx/bowie-county/"
22,cy44pbm8ixl358n5a8kxgygn,/tx/bowie-county/dekalb/,place,alias-added,yes,/tx/bowie-county/de-kalb/,c2kqwx36t0dzw0gu5pntx3g1,"Spelling, spacing, punctuation, or abbreviation variant within the same state and county.",Applied through manual source; replay verified.,cm76wpxb200kdvrvgaqqqf33l: De Kalb ISD Police Department,cm76wpxb200kdvrvgaqqqf33l: /tx/bowie-county/de-kalb/,"cm76wpxb200kdvrvgaqqqf33l: 152 SW Maple Street, Dekalb, TX, 75559",,Checked against saved 2025 Gazetteer and TIGER inputs,,,yes,4819648: Bowie [48037],,"cm76wpxb200kdvrvgaqqqf33l: /tx/, /tx/bowie-county/, /tx/bowie-county/de-kalb/"
23,c7xzao9sb9hx98xx4pllggiw,/tx/bowie-county/simms/,place,missing-place,no,,,No Simms canonical place. Both linked agencies currently resolve to New Boston; their assignments do not establish that Simms means New Boston.,"Verify the community and its hierarchy from geographic evidence; if absent, create a separate manual location rather than an alias to a nearby place.",cm76wpxb100j8vrvgazb144st: Bowie Co. Const. Pct. 4 | cm76wpxb200kjvrvg8mkbssin: Simms ISD Police Department,cm76wpxb100j8vrvgazb144st: /tx/bowie-county/new-boston/ | cm76wpxb200kjvrvg8mkbssin: /tx/bowie-county/new-boston/,"cm76wpxb100j8vrvgazb144st: 4844 US Hwy 67, Simms, TX, 75574 | cm76wpxb200kjvrvg8mkbssin: 47 James Bowie Ln, Simms, TX, 75574-6180",,Checked against saved 2025 Gazetteer and TIGER inputs,,,yes,4850808: Bowie [48037],cm76wpxb100j8vrvgazb144st | cm76wpxb200kjvrvg8mkbssin,"cm76wpxb100j8vrvgazb144st: /tx/, /tx/bowie-county/ | cm76wpxb200kjvrvg8mkbssin: /tx/, /tx/bowie-county/"
24,ce1tp6eneuwawn4ri45ddv4u,/tx/caldwell-county/kyle/,place,county-or-mailing-conflict,no,/tx/hays-county/kyle/,c7bh5p15f1b19p8noyyqwln7,"The old agency is Uhland Police, currently assigned to Uhland in Hays County. Do not alias a Kyle mailing label to Uhland.","Verify the original address and intended geographic entity before deciding whether to correct the hierarchy, agency assignment, or add a path alias.",cm76wpxb300tevrvg75wj870p: Uhland Police Department,cm76wpxb300tevrvg75wj870p: /tx/hays-county/uhland/,"cm76wpxb300tevrvg75wj870p: 15 N Old Spanish TRL, Kyle, TX, 78640-9338",,Checked against saved 2025 Gazetteer and TIGER inputs,,/tx/hays-county/kyle/,yes,"4839952: Hays [48209] | 4874216: Hays [48209], Caldwell [48055]",,"cm76wpxb300tevrvg75wj870p: /tx/, /tx/caldwell-county/, /tx/hays-county/uhland/"
25,c4sg6y6qtu6n5qyvozq0x1lr,/tx/caldwell-county/maxwell/,place,missing-place,no,,,No Maxwell canonical place. The linked constable currently resolves to Kyle in Hays County; do not use that assignment as an alias target.,"Verify the community and its hierarchy from geographic evidence; if absent, create a separate manual location rather than an alias to a nearby place.",cm76wpxb300sxvrvgzznpvfy9: Caldwell Co. Const. Pct. 3,cm76wpxb300sxvrvgzznpvfy9: /tx/hays-county/kyle/,"cm76wpxb300sxvrvgzznpvfy9: P.O. Box 145, Maxwell, TX, 78656",,Checked against saved 2025 Gazetteer and TIGER inputs,,,yes,4839952: Hays [48209],cm76wpxb300sxvrvgzznpvfy9,"cm76wpxb300sxvrvgzznpvfy9: /tx/, /tx/caldwell-county/"
26,ci1rdr1m6ruc2ci3knyz12ln,/tx/castro-county/dimmit/,place,alias-added,yes,/tx/castro-county/dimmitt/,c8vw62rl2ajmin34mbeqalsw,"Spelling, spacing, punctuation, or abbreviation variant within the same state and county.",Applied through manual source; replay verified.,cm76wpxb4010kvrvg3a3zvlko: Castro Co. Dist. ATTY.'s Office,cm76wpxb4010kvrvg3a3zvlko: /tx/castro-county/dimmitt/,"cm76wpxb4010kvrvg3a3zvlko: 100 E Bedford, Dimmit, TX, 79027-2689",,Checked against saved 2025 Gazetteer and TIGER inputs,,,yes,4820464: Castro [48069],,"cm76wpxb4010kvrvg3a3zvlko: /tx/, /tx/castro-county/, /tx/castro-county/dimmitt/"
27,cc0u8zsthdd3fm02fz243ca4,/tx/chambers-county/baytown/,place,alias-already-present,yes,/tx/harris-county/baytown/,c8qxtab254i7ceawf82hdf9x,Existing alias verified against raw Census place/county overlap: the same place spans multiple counties. The current canonical county and alias agree with the Census import policy.,Retain existing alias.,cm76wpxb5011bvrvgm052h04w: Chambers Co. Const. Pct. 6,cm76wpxb5011bvrvgm052h04w: /tx/harris-county/baytown/,"cm76wpxb5011bvrvgm052h04w: 7711 Highway 146, Baytown, TX, 77520",,Checked against saved 2025 Gazetteer and TIGER inputs,/tx/harris-county/baytown/,/tx/harris-county/baytown/,yes,"4806128: Harris [48201], Chambers [48071]",,"cm76wpxb5011bvrvgm052h04w: /tx/, /tx/chambers-county/, /tx/harris-county/baytown/"
28,ck3fjjvb7jws98dvwnrl7lus,/tx/cherokee-county/bullard/,place,alias-already-present,yes,/tx/smith-county/bullard/,ekc9h6b0no7xq2bqdb2pybsn,Existing alias verified against raw Census place/county overlap: the same place spans multiple counties. The current canonical county and alias agree with the Census import policy.,Retain existing alias.,cm76wpxb5012yvrvgohpcncsd: Bullard ISD Police Department | cm7a0bgom0318ewvgo92g2xo2: Bullard Police Department,cm76wpxb5012yvrvgohpcncsd: /tx/smith-county/bullard/ | cm7a0bgom0318ewvgo92g2xo2: /tx/smith-county/bullard/,"cm76wpxb5012yvrvgohpcncsd: 308 School House Rd., Bullard, TX, 75757 | cm7a0bgom0318ewvgo92g2xo2: Po Box 109, Bullard, TX, 75757-0109",,Checked against saved 2025 Gazetteer and TIGER inputs,/tx/smith-county/bullard/,/tx/smith-county/bullard/,yes,"4811212: Smith [48423], Cherokee [48073]",,"cm76wpxb5012yvrvgohpcncsd: /tx/, /tx/smith-county/, /tx/smith-county/bullard/ | cm7a0bgom0318ewvgo92g2xo2: /tx/, /tx/smith-county/, /tx/smith-county/bullard/"
29,c96ewax29iqptjjh4mzz0ze6,/tx/colorado-county/cat-spring/,place,missing-place-wrong-county,no,,,"Cat Spring is in Austin County, not the legacy Colorado County hierarchy. No Cat Spring canonical place exists. The linked constable currently points to New Ulm.","Verify the address, create Cat Spring under the correct hierarchy if needed, and separately decide how to retain the erroneous old path.",cm76wpxb6018evrvgddmvn6bd: Colorado Co. Const. Pct. 3,cm76wpxb6018evrvgddmvn6bd: /tx/austin-county/new-ulm/,"cm76wpxb6018evrvgddmvn6bd: 1053 Constable Ln, Cat Spring, TX, 78933",https://www.tshaonline.org/handbook/entries/cat-spring-tx,Checked against saved 2025 Gazetteer and TIGER inputs,,,yes,4851384: Austin [48015],cm76wpxb6018evrvgddmvn6bd,"cm76wpxb6018evrvgddmvn6bd: /tx/, /tx/colorado-county/"
30,c0rnxbddje4c98k0gg50hbwd,/tx/cooke-county/gainsville/,place,alias-added,yes,/tx/cooke-county/gainesville/,cp3vz4a2f1gzzgi4fw4rh9jb,"Spelling, spacing, punctuation, or abbreviation variant within the same state and county.",Applied through manual source; replay verified.,cm76wpxb601ajvrvg2rxgxvl2: Cooke Co. Const. Pct. 2,cm76wpxb601ajvrvg2rxgxvl2: /tx/cooke-county/gainesville/,"cm76wpxb601ajvrvg2rxgxvl2: 112 South Dixon Street Ste. 120, Gainsville, TX, 76240",,Checked against saved 2025 Gazetteer and TIGER inputs,,,yes,4827984: Cooke [48097],,"cm76wpxb601ajvrvg2rxgxvl2: /tx/, /tx/cooke-county/, /tx/cooke-county/gainesville/"
31,cca8mn5tsr2wruitzupdr6v8,/tx/coryell-county/jonesboro/,place,missing-place,no,,,No Jonesboro canonical place. Jonesboro ISD Police currently resolves to Cranfills Gap in Bosque County; geographic equivalence is unproven.,"Verify the community and its hierarchy from geographic evidence; if absent, create a separate manual location rather than an alias to a nearby place.",cm7a0bgo700cxewvgc3pk0j0a: Jonesboro ISD Police Department,cm7a0bgo700cxewvgc3pk0j0a: /tx/bosque-county/cranfills-gap/,"cm7a0bgo700cxewvgc3pk0j0a: 14909 E State Highway 36, Jonesboro, TX, 76538-1353",,Checked against saved 2025 Gazetteer and TIGER inputs,,,yes,4817540: Bosque [48035],cm7a0bgo700cxewvgc3pk0j0a,"cm7a0bgo700cxewvgc3pk0j0a: /tx/, /tx/hamilton-county/"
32,cofgjwrk5663wzks8p86k216,/tx/dallas-county/dfw-airport/,place,geographic-scope-conflict,no,/tx/tarrant-county/grapevine/,capqukhg9xvllhcyk5q3hxt1,DFW Airport is an airport/mailing designation. Its police agency currently resolves to Grapevine; that does not establish equivalence to the whole city.,Determine whether an airport-specific location is required; do not alias the airport label to an entire municipality.,cm76wpxb801jovrvgalvblpyg: Dallas-Dfw Airport DPS,cm76wpxb801jovrvgalvblpyg: /tx/tarrant-county/grapevine/,"cm76wpxb801jovrvgalvblpyg: Po Box 619428, DFW Airport, TX, 75261-9428",,Checked against saved 2025 Gazetteer and TIGER inputs,,,yes,"4830644: Tarrant [48439], Dallas [48113], Denton [48121]",,"cm76wpxb801jovrvgalvblpyg: /tx/, /tx/tarrant-county/, /tx/tarrant-county/grapevine/"
33,c8g0pccva50gyzlqqzjuo3yp,/tx/denton-county/carrollton/,place,alias-already-present,yes,/tx/dallas-county/carrollton/,c8gkvriu9a0nywhg5rc9ggsu,Existing alias verified against raw Census place/county overlap: the same place spans multiple counties. The current canonical county and alias agree with the Census import policy.,Retain existing alias.,"cm76wpxb901n7vrvgyv1q36ft: Denton Co. Const. Pct. 6 | cm76wpxb901navrvgpn94ithu: North Texas Emergency Communications Center, Inc. (NTECC)",cm76wpxb901n7vrvgyv1q36ft: /tx/dallas-county/carrollton/ | cm76wpxb901navrvgpn94ithu: /tx/dallas-county/carrollton/,"cm76wpxb901n7vrvgyv1q36ft: 1029 W Rosemeade Pkwy, Carrollton, TX, 75007-6205 | cm76wpxb901navrvgpn94ithu: 1649 W Frankford Rd Ste 150, Carrollton, TX, 75007-4605",,Checked against saved 2025 Gazetteer and TIGER inputs,/tx/dallas-county/carrollton/,/tx/dallas-county/carrollton/,yes,"4813024: Dallas [48113], Denton [48121], Collin [48085]",,"cm76wpxb901n7vrvgyv1q36ft: /tx/, /tx/dallas-county/carrollton/, /tx/denton-county/ | cm76wpxb901navrvgpn94ithu: /tx/, /tx/dallas-county/carrollton/, /tx/denton-county/"
34,ciex325oqq68bqei3uef9z0l,/tx/denton-county/crossroads/,place,alias-added,yes,/tx/denton-county/cross-roads/,c5elpgh4rywkmzu6tow0bnoe,"Spelling, spacing, punctuation, or abbreviation variant within the same state and county.",Applied through manual source; replay verified.,cm76wpxba01pfvrvgt96ub80p: Town of Cross Roads Police Department,cm76wpxba01pfvrvgt96ub80p: /tx/denton-county/cross-roads/,"cm76wpxba01pfvrvgt96ub80p: 1401 FM 424, Crossroads, TX, 76227-7284",,Checked against saved 2025 Gazetteer and TIGER inputs,,,yes,4817852: Denton [48121],,"cm76wpxba01pfvrvgt96ub80p: /tx/, /tx/denton-county/, /tx/denton-county/cross-roads/"
35,cu81ux41zy7msyrcu9ewb0rr,/tx/denton-county/frisco/,place,alias-already-present,yes,/tx/collin-county/frisco/,cfkloi655fyf1vxi2md9m86m,Existing alias verified against raw Census place/county overlap: the same place spans multiple counties. The current canonical county and alias agree with the Census import policy.,Retain existing alias.,cm76wpxb901mvvrvgz2bwisxx: Denton Co. Const. Pct. 2,cm76wpxb901mvvrvgz2bwisxx: /tx/collin-county/frisco/,"cm76wpxb901mvvrvgz2bwisxx: 5533 FM 423, Suite 601, Frisco, TX, 75034",,Checked against saved 2025 Gazetteer and TIGER inputs,/tx/collin-county/frisco/,/tx/collin-county/frisco/,yes,"4827684: Collin [48085], Denton [48121]",,"cm76wpxb901mvvrvgz2bwisxx: /tx/, /tx/collin-county/frisco/, /tx/denton-county/"
36,cq7b30jimjccjkya3zraf08c,/tx/fannin-county/ivanhoe/,place,wrong-place-assignment,no,/tx/tyler-county/ivanhoe/,rkbjrfg5o2shw8s4j2i55yu3,Ivanhoe in Fannin County is distinct from Ivanhoe in Tyler County. Sam Rayburn ISD Police currently points to the Tyler County location; that target is rejected.,Create the distinct Fannin County location from verified geographic evidence and correct the agency assignment; do not alias to Tyler County.,cm76wpxbc022dvrvge8ks2pyl: Sam Rayburn ISD Police Department,cm76wpxbc022dvrvge8ks2pyl: /tx/tyler-county/ivanhoe/,"cm76wpxbc022dvrvge8ks2pyl: 9363 E. FM 273, Ivanhoe, TX, 75447",https://www.tshaonline.org/handbook/entries/ivanhoe-tx,Checked against saved 2025 Gazetteer and TIGER inputs,,/tx/tyler-county/ivanhoe/,yes,4837112: Tyler [48457],cm76wpxbc022dvrvge8ks2pyl,"cm76wpxbc022dvrvge8ks2pyl: /tx/, /tx/fannin-county/"
37,ci3vh18ws90n6lxb0vz7zjrd,/tx/fort-bend-county/katy/,place,alias-already-present,yes,/tx/waller-county/katy/,hfjaq1m05i3uijyta1hqvlhw,Existing alias verified against raw Census place/county overlap: the same place spans multiple counties. The current canonical county and alias agree with the Census import policy.,Retain existing alias.,cm76wpxbc023tvrvglpoxhb2z: Fort Bend Co. Const. Pct. 1,cm76wpxbc023tvrvglpoxhb2z: /tx/harris-county/houston/,"cm76wpxbc023tvrvglpoxhb2z: 22333 Grand Corner Drive, Suite 103, Katy, TX, 77494",,Checked against saved 2025 Gazetteer and TIGER inputs,/tx/waller-county/katy/,/tx/waller-county/katy/,yes,"4835000: Harris [48201], Fort Bend [48157], Montgomery [48339], Waller [48473] | 4838476: Waller [48473], Harris [48201], Fort Bend [48157]",,"cm76wpxbc023tvrvglpoxhb2z: /tx/, /tx/fort-bend-county/, /tx/harris-county/houston/"
38,ct4cqmjauyb2evvuqtlmfnc2,/tx/fort-bend-county/sugarland/,place,alias-added,yes,/tx/fort-bend-county/sugar-land/,c70atcs51nyytm5qh1tdwcg2,"Spelling, spacing, punctuation, or abbreviation variant within the same state and county.",Applied through manual source; replay verified.,cm76wpxbc025gvrvg9q6pu4bt: Fort Bend I.S.D. Police Dept.,cm76wpxbc025gvrvg9q6pu4bt: /tx/fort-bend-county/sugar-land/,"cm76wpxbc025gvrvg9q6pu4bt: 550 Julie Rivers Dr. Bld. 1, Sugarland, TX, 77478",,Checked against saved 2025 Gazetteer and TIGER inputs,,,yes,4870808: Fort Bend [48157],,"cm76wpxbc025gvrvg9q6pu4bt: /tx/, /tx/fort-bend-county/, /tx/fort-bend-county/sugar-land/"
39,c8lzs9zhrvcnc5a5bcsuh092,/tx/franklin-county/mt-vernon/,place,alias-added,yes,/tx/franklin-county/mount-vernon/,czanyg7pg4jne7i21mwqbwp6,"Spelling, spacing, punctuation, or abbreviation variant within the same state and county.",Applied through manual source; replay verified.,cm76wpxbc025rvrvg7z87xxpw: Franklin Co. Const. Pct. 1,cm76wpxbc025rvrvg7z87xxpw: /tx/franklin-county/mount-vernon/,"cm76wpxbc025rvrvg7z87xxpw: 208 Hwy 37 South, Mt. Vernon, TX, 75457",,Checked against saved 2025 Gazetteer and TIGER inputs,,,yes,4849860: Franklin [48159],,"cm76wpxbc025rvrvg7z87xxpw: /tx/, /tx/franklin-county/, /tx/franklin-county/mount-vernon/"
40,cmic4f96cxsr3y0ab8zqqapo,/tx/guadalupe-county/la-vernia/,place,county-or-mailing-conflict,no,/tx/wilson-county/la-vernia/,cyhl6vbd1zusx0rg5dhmwi4s,"The old agency is New Berlin Marshal, currently assigned to New Berlin in Guadalupe County. La Vernia mailing city and agency municipality are different evidence.","Verify the original address and intended geographic entity before deciding whether to correct the hierarchy, agency assignment, or add a path alias.",cm7a0bgo600bdewvg72sur2db: City of New Berlin Marshal's Office,cm7a0bgo600bdewvg72sur2db: /tx/guadalupe-county/new-berlin/,"cm7a0bgo600bdewvg72sur2db: 9180 FM 775, La Vernia, TX, 78121-3502",,Checked against saved 2025 Gazetteer and TIGER inputs,,/tx/wilson-county/la-vernia/,yes,4841764: Wilson [48493] | 4850796: Guadalupe [48187],,"cm7a0bgo600bdewvg72sur2db: /tx/, /tx/guadalupe-county/, /tx/guadalupe-county/new-berlin/"
41,c9jahp09yodsjr9p1ep1cl8d,/tx/guadalupe-county/schertz/,place,alias-already-present,yes,/tx/bexar-county/schertz/,qjhjunwx1dlzuvy4xjxpacbv,Existing alias verified against raw Census place/county overlap: the same place spans multiple counties. The current canonical county and alias agree with the Census import policy.,Retain existing alias.,cm7a0bgo600ahewvgkdm4gx6k: Guadalupe Co. Const. Pct. 3 | cm7a0bgo600azewvg4r3p21vr: Schertz Police Department,cm7a0bgo600ahewvgkdm4gx6k: /tx/bexar-county/schertz/ | cm7a0bgo600azewvg4r3p21vr: /tx/bexar-county/schertz/,"cm7a0bgo600ahewvgkdm4gx6k: 1101 Elbel Road, Ste. 5, Schertz, TX, 78154 | cm7a0bgo600azewvg4r3p21vr: 1400 Schertz Pkwy BLDG 6, Schertz, TX, 78154-1673",,Checked against saved 2025 Gazetteer and TIGER inputs,/tx/bexar-county/schertz/,/tx/bexar-county/schertz/,yes,"4866128: Bexar [48029], Guadalupe [48187], Comal [48091]",,"cm7a0bgo600ahewvgkdm4gx6k: /tx/, /tx/bexar-county/schertz/, /tx/guadalupe-county/ | cm7a0bgo600azewvg4r3p21vr: /tx/, /tx/bexar-county/schertz/, /tx/guadalupe-county/"
42,czmmj7fkrmhrlxl5lbi7gusz,/tx/guadalupe-county/selma/,place,alias-already-present,yes,/tx/bexar-county/selma/,f3t899oq4tujftc24wq3bd50,Existing alias verified against raw Census place/county overlap: the same place spans multiple counties. The current canonical county and alias agree with the Census import policy.,Retain existing alias.,cm76wpxb100evvrvgnkliuwge: Selma Police Dept.,cm76wpxb100evvrvgnkliuwge: /tx/bexar-county/selma/,"cm76wpxb100evvrvgnkliuwge: 9375 Corporate Dr, Selma, TX, 78154-1250",,Checked against saved 2025 Gazetteer and TIGER inputs,/tx/bexar-county/selma/,/tx/bexar-county/selma/,yes,"4866704: Bexar [48029], Guadalupe [48187], Comal [48091]",,"cm76wpxb100evvrvgnkliuwge: /tx/, /tx/bexar-county/selma/, /tx/guadalupe-county/"
43,cljcfc3ta2db5fmq8x7x20wu,/tx/hamilton-county/archer-city/,place,county-or-mailing-conflict,no,/tx/archer-county/archer-city/,c7ne85g4lwe83ps4lxk7u1pb,Archer County Constable Pct. 4 resolves to Archer City in Archer County. The old Hamilton County parent conflicts with both names.,"Verify the original address and intended geographic entity before deciding whether to correct the hierarchy, agency assignment, or add a path alias.",cm76wpxaz004mvrvggeao7cgd: Archer Co. Const. Pct. 4,cm76wpxaz004mvrvggeao7cgd: /tx/archer-county/archer-city/,"cm76wpxaz004mvrvggeao7cgd: P.O. Box 517, Archer City, TX, 76531",,Checked against saved 2025 Gazetteer and TIGER inputs,,/tx/archer-county/archer-city/,yes,4803696: Archer [48009],,"cm76wpxaz004mvrvggeao7cgd: /tx/, /tx/archer-county/, /tx/archer-county/archer-city/"
44,cfqgw2h4xfaofuc6ktoskkds,/tx/hardin-county/batson/,place,missing-place,no,,,Batson is a Hardin County community. The linked constable currently resolves to Hull in Liberty County; do not alias across those distinct communities.,"Verify the community and its hierarchy from geographic evidence; if absent, create a separate manual location rather than an alias to a nearby place.",cm7a0bgo700dxewvgeh7nqlen: Hardin Co. Const. Pct. 6,cm7a0bgo700dxewvgeh7nqlen: /tx/liberty-county/hull/,"cm7a0bgo700dxewvgeh7nqlen: P.O. Box 596, Batson, TX, 77519",https://www.tshaonline.org/handbook/entries/batson-tx,Checked against saved 2025 Gazetteer and TIGER inputs,,,yes,4835324: Liberty [48291],cm7a0bgo700dxewvgeh7nqlen,"cm7a0bgo700dxewvgeh7nqlen: /tx/, /tx/hardin-county/"
45,c35ec2qoiasemubuq49itx0q,/tx/hardin-county/saratoga/,place,missing-place,no,,,Saratoga is a Hardin County community. West Hardin CISD Police currently resolves to Hull in Liberty County; do not equate them.,"Verify the community and its hierarchy from geographic evidence; if absent, create a separate manual location rather than an alias to a nearby place.",cm7a0bgo700emewvgmrpl1rwu: West Hardin County CISD Police Department,cm7a0bgo700emewvgmrpl1rwu: /tx/liberty-county/hull/,"cm7a0bgo700emewvgmrpl1rwu: 39227 Highway 105, Saratoga, TX, 77585-8923",https://www.tshaonline.org/handbook/entries/saratoga-tx,Checked against saved 2025 Gazetteer and TIGER inputs,,,yes,4835324: Liberty [48291],cm7a0bgo700emewvgmrpl1rwu,"cm7a0bgo700emewvgmrpl1rwu: /tx/, /tx/hardin-county/"
46,coul27fn1xw1fvn1g7c7la6s,/tx/harris-county/alief/,place,geographic-scope-conflict,no,/tx/harris-county/houston/,cnmbt1oikb4y48bq1choxo1o,"Alief is a community incorporated into Houston, not an established synonym for the entire city. Alief ISD Police currently resolves to Houston.",Decide whether to represent Alief as a separate subordinate community; do not infer whole-city equivalence.,cm7a0bgo800l1ewvg23w03i5y: Alief I.S.D. Police Dept.,cm7a0bgo800l1ewvg23w03i5y: /tx/harris-county/houston/,"cm7a0bgo800l1ewvg23w03i5y: P. O. Box 68, Alief, TX, 77411",https://www.tshaonline.org/handbook/entries/alief-tx,Checked against saved 2025 Gazetteer and TIGER inputs,,,yes,"4835000: Harris [48201], Fort Bend [48157], Montgomery [48339], Waller [48473]",,"cm7a0bgo800l1ewvg23w03i5y: /tx/, /tx/harris-county/, /tx/harris-county/houston/"
47,c9l7ykyzrt0b3g60yo0lbcpp,/tx/harris-county/cypress/,place,missing-place,no,,,"No Cypress canonical place. Cypress-Fairbanks ISD Police resolves to Houston, but an agency assignment is not proof that the community equals all of Houston.","Verify the community and its hierarchy from geographic evidence; if absent, create a separate manual location rather than an alias to a nearby place.",cm7a0bgo700h7ewvgu61v0ctv: Cypress - Fairbanks ISD Police Department,cm7a0bgo700h7ewvgu61v0ctv: /tx/harris-county/houston/,"cm7a0bgo700h7ewvgu61v0ctv: 11200 Telge Rd, Cypress, TX, 77429-3398",,Checked against saved 2025 Gazetteer and TIGER inputs,,,yes,"4835000: Harris [48201], Fort Bend [48157], Montgomery [48339], Waller [48473]",cm7a0bgo700h7ewvgu61v0ctv,"cm7a0bgo700h7ewvgu61v0ctv: /tx/, /tx/harris-county/"
48,csqaiecep7o9ld1p8yhl0fp8,/tx/harris-county/huffman/,place,missing-place,no,,,No Huffman canonical place. Huffman ISD Police resolves to Houston; geographic equivalence is not established.,"Verify the community and its hierarchy from geographic evidence; if absent, create a separate manual location rather than an alias to a nearby place.",cm7a0bgo800l4ewvgv2e577jm: Huffman ISD Police Department,cm7a0bgo800l4ewvgv2e577jm: /tx/harris-county/houston/,"cm7a0bgo800l4ewvgv2e577jm: 24403 E. Lake Houston Pkwy., Huffman, TX, 77336",,Checked against saved 2025 Gazetteer and TIGER inputs,,,yes,"4835000: Harris [48201], Fort Bend [48157], Montgomery [48339], Waller [48473]",,"cm7a0bgo800l4ewvgv2e577jm: /tx/, /tx/harris-county/, /tx/harris-county/houston/"
49,cbeco0t0cpjim11gnzkh9rji,/tx/harris-county/katy/,place,alias-already-present,yes,/tx/waller-county/katy/,hfjaq1m05i3uijyta1hqvlhw,Existing alias verified against raw Census place/county overlap: the same place spans multiple counties. The current canonical county and alias agree with the Census import policy.,Retain existing alias.,cm76wpxbc025dvrvgnbpdwlr0: Katy Fire Marshals Office | cm7a0bgo700hmewvgjspkbz1x: Katy Police Dept. | cm7a0bgo800kmewvg6bq1izrv: Katy ISD Police Department,cm76wpxbc025dvrvgnbpdwlr0: /tx/waller-county/katy/ | cm7a0bgo700hmewvgjspkbz1x: /tx/waller-county/katy/ | cm7a0bgo800kmewvg6bq1izrv: /tx/waller-county/katy/,"cm76wpxbc025dvrvgnbpdwlr0: 1417 Ave D, Katy, TX, 77493 | cm7a0bgo700hmewvgjspkbz1x: 5456 Franz Rd., Katy, TX, 77493 | cm7a0bgo800kmewvg6bq1izrv: 20370 Franz Rd, Katy, TX, 77449-5600",,Checked against saved 2025 Gazetteer and TIGER inputs,/tx/waller-county/katy/,/tx/waller-county/katy/,yes,"4838476: Waller [48473], Harris [48201], Fort Bend [48157]",cm7a0bgo800kmewvg6bq1izrv,"cm76wpxbc025dvrvgnbpdwlr0: /tx/, /tx/harris-county/, /tx/waller-county/katy/ | cm7a0bgo700hmewvgjspkbz1x: /tx/, /tx/harris-county/, /tx/waller-county/katy/ | cm7a0bgo800kmewvg6bq1izrv: /tx/, /tx/harris-county/"
50,c6hacpva8hyyayoysjybbidq,/tx/harris-county/seabrook/,place,alias-already-present,yes,/tx/chambers-county/seabrook/,vjjk1zu7jim57ulfq1399f4z,Existing alias verified against raw Census place/county overlap: the same place spans multiple counties. The current canonical county and alias agree with the Census import policy.,Retain existing alias.,cm7a0bgo700i4ewvgi88sa5vs: Seabrook Police Department | cm7a0bgo800j7ewvgu2vwn0ti: Seabrook Fire Marshal's Office,cm7a0bgo700i4ewvgi88sa5vs: /tx/chambers-county/seabrook/ | cm7a0bgo800j7ewvgu2vwn0ti: /tx/chambers-county/seabrook/,"cm7a0bgo700i4ewvgi88sa5vs: 1400 Cook St, Seabrook, TX, 77586-3529 | cm7a0bgo800j7ewvgu2vwn0ti: 1700 1st Street, Seabrook, TX, 77586",,Checked against saved 2025 Gazetteer and TIGER inputs,/tx/chambers-county/seabrook/,/tx/chambers-county/seabrook/,yes,"4866392: Chambers [48071], Harris [48201]",,"cm7a0bgo700i4ewvgi88sa5vs: /tx/, /tx/chambers-county/seabrook/, /tx/harris-county/ | cm7a0bgo800j7ewvgu2vwn0ti: /tx/, /tx/chambers-county/seabrook/, /tx/harris-county/"
51,c85adbz470xah2yg9aq4hwm0,/tx/harrison-county/elysian-fields/,place,missing-place,no,,,No Elysian Fields canonical place. Elysian Fields ISD Police resolves to Waskom; geographic equivalence is not established.,"Verify the community and its hierarchy from geographic evidence; if absent, create a separate manual location rather than an alias to a nearby place.",cm7a0bgo800m9ewvgnlvucmei: Elysian Fields ISD Police Department,cm7a0bgo800m9ewvgnlvucmei: /tx/harrison-county/waskom/,"cm7a0bgo800m9ewvgnlvucmei: Po Box 120, Elysian Fields, TX, 75642-0120",,Checked against saved 2025 Gazetteer and TIGER inputs,,,yes,4876636: Harrison [48203],cm7a0bgo800m9ewvgnlvucmei,"cm7a0bgo800m9ewvgnlvucmei: /tx/, /tx/panola-county/"
52,ceiyvygvkxovcm14yhiahtn8,/tx/henderson-county/larue/,place,missing-place,no,,,No Larue canonical place. Both linked agencies resolve to Poynor; geographic equivalence is not established.,"Verify the community and its hierarchy from geographic evidence; if absent, create a separate manual location rather than an alias to a nearby place.",cm7a0bgo800oeewvg8kgkdj5m: Henderson Co. Const. Pct. 4 | cm7a0bgo900qdewvg7b41od9e: LaPoynor ISD Police Department,cm7a0bgo800oeewvg8kgkdj5m: /tx/henderson-county/poynor/ | cm7a0bgo900qdewvg7b41od9e: /tx/henderson-county/poynor/,"cm7a0bgo800oeewvg8kgkdj5m: Po Box 124, 9551 County Road 4719, Larue, TX, 75770 | cm7a0bgo900qdewvg7b41od9e: 13155 Hwy 175 E., Larue, TX, 75770",,Checked against saved 2025 Gazetteer and TIGER inputs,,,yes,4859192: Henderson [48213],cm7a0bgo800oeewvg8kgkdj5m | cm7a0bgo900qdewvg7b41od9e,"cm7a0bgo800oeewvg8kgkdj5m: /tx/, /tx/henderson-county/ | cm7a0bgo900qdewvg7b41od9e: /tx/, /tx/henderson-county/"
53,c6i4qwygihjkfukjvnytr7y0,/tx/henderson-county/mabank/,place,alias-already-present,yes,/tx/kaufman-county/mabank/,cxrbaxdpfkq0od3uyxs3vac1,Existing alias verified against raw Census place/county overlap: the same place spans multiple counties. The current canonical county and alias agree with the Census import policy.,Retain existing alias.,cm7a0bgo900ptewvgotxki0i1: Payne Springs Police Department,cm7a0bgo900ptewvgotxki0i1: /tx/kaufman-county/mabank/,"cm7a0bgo900ptewvgotxki0i1: 19601 County Road 2529 Rd, Mabank, TX, 75156-8507",,Checked against saved 2025 Gazetteer and TIGER inputs,/tx/kaufman-county/mabank/,/tx/kaufman-county/mabank/,yes,"4845324: Kaufman [48257], Henderson [48213], Van Zandt [48467]",,"cm7a0bgo900ptewvgotxki0i1: /tx/, /tx/kaufman-county/, /tx/kaufman-county/mabank/"
54,cz2u2miqkfdsspi1rh8ldlpz,/tx/hockley-county/witharral/,place,alias-added,yes,/tx/hockley-county/whitharral/,rdmcqscjwg7nagiribcx051k,"Spelling, spacing, punctuation, or abbreviation variant within the same state and county.",Applied through manual source; replay verified.,cm7a0bgoa00vxewvgss65a1wd: Hockley Co. Const. Pct. 4,cm7a0bgoa00vxewvgss65a1wd: /tx/hockley-county/whitharral/,"cm7a0bgoa00vxewvgss65a1wd: 601 Brownlee, Witharral, TX, 79380",,Checked against saved 2025 Gazetteer and TIGER inputs,,,yes,4878640: Hockley [48219],,"cm7a0bgoa00vxewvgss65a1wd: /tx/, /tx/hockley-county/, /tx/hockley-county/whitharral/"
55,c6cv7n6snp0ofa9tkpcf8a1g,/tx/hopkins-county/saltillo/,place,missing-place,no,,,No Saltillo canonical place. Saltillo ISD Police resolves to Mount Vernon in Franklin County; geographic equivalence is not established.,"Verify the community and its hierarchy from geographic evidence; if absent, create a separate manual location rather than an alias to a nearby place.",cm7a0bgoa00y2ewvg5gk9bccn: Saltillo I.S.D. Police Department,cm7a0bgoa00y2ewvg5gk9bccn: /tx/franklin-county/mount-vernon/,"cm7a0bgoa00y2ewvg5gk9bccn: P.O. Box 269, Saltillo, TX, 75478",,Checked against saved 2025 Gazetteer and TIGER inputs,,,yes,4849860: Franklin [48159],cm7a0bgoa00y2ewvg5gk9bccn,"cm7a0bgoa00y2ewvg5gk9bccn: /tx/, /tx/hopkins-county/"
56,cg8q2ja60vcyljwl5r8rtdws,/tx/hopkins-county/sulphur-bluff/,place,missing-place,no,,,No Sulphur Bluff canonical place. Sulphur Bluff ISD Police resolves to Tira; geographic equivalence is not established.,"Verify the community and its hierarchy from geographic evidence; if absent, create a separate manual location rather than an alias to a nearby place.",cm7a0bgoa00yhewvgu9z1vvtc: Sulphur Bluff ISD Police Department,cm7a0bgoa00yhewvgu9z1vvtc: /tx/hopkins-county/tira/,"cm7a0bgoa00yhewvgu9z1vvtc: 1027 CR 3550, Sulphur Bluff, TX, 75481",,Checked against saved 2025 Gazetteer and TIGER inputs,,,yes,4873124: Hopkins [48223],cm7a0bgoa00yhewvgu9z1vvtc,"cm7a0bgoa00yhewvgu9z1vvtc: /tx/, /tx/hopkins-county/"
57,cn3uivb9vpui4jslg74rfir8,/tx/hunt-county/merit/,place,missing-place,no,,,No Merit canonical place. Bland ISD Police resolves to Farmersville in Collin County; geographic equivalence is not established.,"Verify the community and its hierarchy from geographic evidence; if absent, create a separate manual location rather than an alias to a nearby place.",cm7a0bgob012hewvgnssusuyi: Bland ISD Police Department,cm7a0bgob012hewvgnssusuyi: /tx/collin-county/farmersville/,"cm7a0bgob012hewvgnssusuyi: P.O. Box 216, 6164 FM 2194, Merit, TX, 75458-0216",,Checked against saved 2025 Gazetteer and TIGER inputs,,,yes,4825488: Collin [48085],cm7a0bgob012hewvgnssusuyi,"cm7a0bgob012hewvgnssusuyi: /tx/, /tx/hunt-county/"
58,c6blbrrjtlb6l9ghuf0plvyu,/tx/jasper-county/brookeland/,place,missing-place,no,,,No Brookeland canonical place. The linked constable resolves to Sam Rayburn; geographic equivalence is not established.,"Verify the community and its hierarchy from geographic evidence; if absent, create a separate manual location rather than an alias to a nearby place.",cm7a0bgob014xewvgokx1jiob: Jasper Co. Const. Pct. 5,cm7a0bgob014xewvgokx1jiob: /tx/jasper-county/sam-rayburn/,"cm7a0bgob014xewvgokx1jiob: 256 Attoyac Ct., Brookeland, TX, 75931",,Checked against saved 2025 Gazetteer and TIGER inputs,,,yes,4864460: Jasper [48241],,"cm7a0bgob014xewvgokx1jiob: /tx/, /tx/jasper-county/, /tx/jasper-county/sam-rayburn/"
59,c3t9p78ljai63amsqxe3t3tx,/tx/jones-county/stamford/,place,alias-already-present,yes,/tx/haskell-county/stamford/,ut1kpsyhhltiympramjz32f8,Existing alias verified against raw Census place/county overlap: the same place spans multiple counties. The current canonical county and alias agree with the Census import policy.,Retain existing alias.,cm7a0bgoc01brewvgtv1x09x0: Stamford Police Dept.,cm7a0bgoc01brewvgtv1x09x0: /tx/haskell-county/stamford/,"cm7a0bgoc01brewvgtv1x09x0: 115 North Swenson, Stamford, TX, 79553",,Checked against saved 2025 Gazetteer and TIGER inputs,/tx/haskell-county/stamford/,/tx/haskell-county/stamford/,yes,"4869980: Haskell [48207], Jones [48253]",,"cm7a0bgoc01brewvgtv1x09x0: /tx/, /tx/haskell-county/stamford/, /tx/jones-county/"
60,c19bpf36kqvj39twvzfzq4zp,/tx/kleberg-county/kinsgville/,place,alias-added,yes,/tx/kleberg-county/kingsville/,cdbg1inav9bht23xvtqvaeau,"Spelling, spacing, punctuation, or abbreviation variant within the same state and county.",Applied through manual source; replay verified.,cm7a0bgod01hoewvg6dktdvpx: Kleberg Co. Const. Pct. 2,cm7a0bgod01hoewvg6dktdvpx: /tx/kleberg-county/kingsville/,"cm7a0bgod01hoewvg6dktdvpx: 620 North Third Street, Kinsgville, TX, 78363",,Checked against saved 2025 Gazetteer and TIGER inputs,,,yes,4839352: Kleberg [48273],,"cm7a0bgod01hoewvg6dktdvpx: /tx/, /tx/kleberg-county/, /tx/kleberg-county/kingsville/"
61,cs20rcf9h3xt6r1vazc6b5zh,/tx/lamar-county/pattonville/,place,missing-place,no,,,No Pattonville canonical place. Prairiland ISD Police resolves to Deport; geographic equivalence is not established.,"Verify the community and its hierarchy from geographic evidence; if absent, create a separate manual location rather than an alias to a nearby place.",cm7a0bgod01jmewvghujg3ai9: Prairiland ISD Police Department,cm7a0bgod01jmewvghujg3ai9: /tx/lamar-county/deport/,"cm7a0bgod01jmewvghujg3ai9: 466 FM 196 South, Pattonville, TX, 75468",,Checked against saved 2025 Gazetteer and TIGER inputs,,,yes,"4820020: Lamar [48277], Red River [48387]",cm7a0bgod01jmewvghujg3ai9,"cm7a0bgod01jmewvghujg3ai9: /tx/, /tx/lamar-county/"
62,cy5h4l3dxod8vdfvjxchoh4l,/tx/lee-county/dimebox/,place,alias-added,yes,/tx/lee-county/dime-box/,y0g7x7wnkzk8z90i3ixrzs9g,"Spelling, spacing, punctuation, or abbreviation variant within the same state and county.",Applied through manual source; replay verified.,cm7a0bgoe01mcewvga030mewr: Lee Co. Const. Pct. 4,cm7a0bgoe01mcewvga030mewr: /tx/lee-county/dime-box/,"cm7a0bgoe01mcewvga030mewr: Po Box 141, 1043 Stephen F Austin St, Dimebox, TX, 77853",,Checked against saved 2025 Gazetteer and TIGER inputs,,,yes,4820452: Lee [48287],,"cm7a0bgoe01mcewvga030mewr: /tx/, /tx/lee-county/, /tx/lee-county/dime-box/"
63,crtge7xud2dvx6812d3kkla2,/tx/liberty-county/liberty-hill/,place,county-or-mailing-conflict,no,/tx/williamson-county/liberty-hill/,citya0cykg0c1k7tvnhatlmh,Liberty Hill Police currently resolves to Liberty in Liberty County. Liberty Hill exists in Williamson County. Investigate a possible name-based wrong-place assignment.,"Verify the original address and intended geographic entity before deciding whether to correct the hierarchy, agency assignment, or add a path alias.",cm7a0bgos0400ewvgseubfmii: Liberty Hill Police Department,cm7a0bgos0400ewvgseubfmii: /tx/liberty-county/liberty/,"cm7a0bgos0400ewvgseubfmii: Po Box 1414, 1120 Main St, Liberty Hill, TX, 78642-1414",,Checked against saved 2025 Gazetteer and TIGER inputs,,/tx/williamson-county/liberty-hill/,yes,4842568: Liberty [48291] | 4842664: Williamson [48491],,"cm7a0bgos0400ewvgseubfmii: /tx/, /tx/liberty-county/, /tx/liberty-county/liberty/"
64,cp255qef9jmzjofnvadus0dr,/tx/live-oak-county/sandia/,place,county-or-mailing-conflict,no,/tx/jim-wells-county/sandia/,c0w074pw9zobj5g2gxjyukk1,The linked Live Oak County constable resolves to Sandia in Jim Wells County; verify mailing address versus county jurisdiction.,"Verify the original address and intended geographic entity before deciding whether to correct the hierarchy, agency assignment, or add a path alias.",cm7a0bgof01qaewvgu1j3ixit: Live Oak Co. Const. Pct. 1,cm7a0bgof01qaewvgu1j3ixit: /tx/jim-wells-county/sandia/,"cm7a0bgof01qaewvgu1j3ixit: 161 Vista Drive, Sandia, TX, 78383",,Checked against saved 2025 Gazetteer and TIGER inputs,,/tx/jim-wells-county/sandia/,yes,4865168: Jim Wells [48249],cm7a0bgof01qaewvgu1j3ixit,"cm7a0bgof01qaewvgu1j3ixit: /tx/, /tx/live-oak-county/"
65,crg5o51hsf1it8t8xdwmagnn,/tx/llano-county/sunrise-beach/,place,expanded-name-candidate,no,/tx/llano-county/sunrise-beach-village/,z5pfzkq5memng6kzxmcjr7ua,Sunrise Beach Police resolves to Sunrise Beach Village. This is a strong expanded-name candidate.,Confirm the legacy geographic identity and official name; then add an alias if they denote the same place.,cm7a0bgof01rdewvgb3pe5lk7: Sunrise Beach Police Department,cm7a0bgof01rdewvgb3pe5lk7: /tx/llano-county/sunrise-beach-village/,"cm7a0bgof01rdewvgb3pe5lk7: 124 Sunrise Drive, Sunrise Beach, TX, 78643-9283",,Checked against saved 2025 Gazetteer and TIGER inputs,,,yes,4871228: Llano [48299],,"cm7a0bgof01rdewvgb3pe5lk7: /tx/, /tx/llano-county/, /tx/llano-county/sunrise-beach-village/"
66,c2ra2o55yig7770u0ti3deih,/tx/lynn-county/odonnell/,place,alias-added,yes,/tx/lynn-county/o-donnell/,ce6vr6jjwogez0odp4u4ohuz,"Spelling, spacing, punctuation, or abbreviation variant within the same state and county.",Applied through manual source; replay verified.,cm7a0bgof01uqewvg1v8j72ck: O'Donnell ISD Police Department,cm7a0bgof01uqewvg1v8j72ck: /tx/lynn-county/o-donnell/,"cm7a0bgof01uqewvg1v8j72ck: 400 Small St, Odonnell, TX, 79351-3007",,Checked against saved 2025 Gazetteer and TIGER inputs,,,yes,"4853436: Lynn [48305], Dawson [48115]",,"cm7a0bgof01uqewvg1v8j72ck: /tx/, /tx/lynn-county/, /tx/lynn-county/o-donnell/"
67,c37meosi2cxt2akvo2izqqhk,/tx/matagorda-county/el-maton/,place,missing-place,no,,,No El Maton canonical place. Tidehaven ISD Police resolves to Blessing; geographic equivalence is not established.,"Verify the community and its hierarchy from geographic evidence; if absent, create a separate manual location rather than an alias to a nearby place.",cm7a0bgog020iewvgr3y1tspm: Tidehaven I.S.D. Police Dept.,cm7a0bgog020iewvgr3y1tspm: /tx/matagorda-county/blessing/,"cm7a0bgog020iewvgr3y1tspm: P. O. Box 129, El Maton, TX, 77440-0129",,Checked against saved 2025 Gazetteer and TIGER inputs,,,yes,4808668: Matagorda [48321],cm7a0bgog020iewvgr3y1tspm,"cm7a0bgog020iewvgr3y1tspm: /tx/, /tx/matagorda-county/"
68,ctt5kht9vk7kvzhn7hfrlk2v,/tx/mclennan-county/eddy/,place,expanded-name-candidate,no,/tx/mclennan-county/bruceville-eddy/,tdx80ophe3xrdolmm73mfyv1,Bruceville-Eddy Police resolves to Bruceville-Eddy. Determine whether Eddy means the former community or the consolidated city.,Confirm the legacy geographic identity and official name; then add an alias if they denote the same place.,cm7a0bgog01x1ewvgpb9i0xs2: Bruceville-Eddy Police Dept.,cm7a0bgog01x1ewvgpb9i0xs2: /tx/mclennan-county/bruceville-eddy/,"cm7a0bgog01x1ewvgpb9i0xs2: 143 Wilcox Dr, Eddy, TX, 76524-2587",,Checked against saved 2025 Gazetteer and TIGER inputs,,,yes,"4810828: McLennan [48309], Falls [48145]",,"cm7a0bgog01x1ewvgpb9i0xs2: /tx/, /tx/mclennan-county/, /tx/mclennan-county/bruceville-eddy/"
69,cftyxgaqcu98uj84921y93e3,/tx/medina-county/la-coste/,place,alias-added,yes,/tx/medina-county/lacoste/,wedpgdhn9zapil5mkl072o1x,"Spelling, spacing, punctuation, or abbreviation variant within the same state and county.",Applied through manual source; replay verified.,cm7a0bgog0227ewvgcpg3zyuo: La Coste Police Dept.,cm7a0bgog0227ewvgcpg3zyuo: /tx/medina-county/lacoste/,"cm7a0bgog0227ewvgcpg3zyuo: Po Box 112, 16004 S. Front Street, La Coste, TX, 78039",,Checked against saved 2025 Gazetteer and TIGER inputs,,,yes,4840108: Medina [48325],,"cm7a0bgog0227ewvgcpg3zyuo: /tx/, /tx/medina-county/, /tx/medina-county/lacoste/"
70,cvdd6yendnfj9rysptq694mq,/tx/montgomery-county/new-caney/,place,missing-place,no,,,No New Caney canonical place. The three linked agencies resolve to Woodbranch; a mailing community and an incorporated city must not be equated from those assignments.,"Verify the community and its hierarchy from geographic evidence; if absent, create a separate manual location rather than an alias to a nearby place.",cm7a0bgoh025pewvgnszlr3hy: Montgomery Co. Const. Pct. 4 | cm7a0bgoh026sewvgyryep8vh: Woodbranch Police Dept. | cm7a0bgoh027dewvgprkhzl5r: New Caney I.S.D. Police Dept.,cm7a0bgoh025pewvgnszlr3hy: /tx/montgomery-county/woodbranch/ | cm7a0bgoh026sewvgyryep8vh: /tx/montgomery-county/woodbranch/ | cm7a0bgoh027dewvgprkhzl5r: /tx/montgomery-county/woodbranch/,"cm7a0bgoh025pewvgnszlr3hy: 21130 US Highway 59 Ste C, New Caney, TX, 77357-8290 | cm7a0bgoh026sewvgyryep8vh: 58a Woodbranch Drive, New Caney, TX, 77357 | cm7a0bgoh027dewvgprkhzl5r: W. 20387 FM 1485, New Caney, TX, 77357",,Checked against saved 2025 Gazetteer and TIGER inputs,,,yes,4880044: Montgomery [48339],cm7a0bgoh025pewvgnszlr3hy | cm7a0bgoh027dewvgprkhzl5r,"cm7a0bgoh025pewvgnszlr3hy: /tx/, /tx/montgomery-county/ | cm7a0bgoh026sewvgyryep8vh: /tx/, /tx/montgomery-county/, /tx/montgomery-county/woodbranch/ | cm7a0bgoh027dewvgprkhzl5r: /tx/, /tx/montgomery-county/"
71,c6hf3stz034z6y7zpousub0r,/tx/montgomery-county/panorama/,place,expanded-name-candidate,no,/tx/montgomery-county/panorama-village/,zscob3uotdaeftny6c2p5xil,Panorama Village Police resolves to Panorama Village. This is a strong expanded-name candidate.,Confirm the legacy geographic identity and official name; then add an alias if they denote the same place.,cm7a0bgoh026gewvgqyddt1ci: Panorama Village Police Dept.,cm7a0bgoh026gewvgqyddt1ci: /tx/montgomery-county/panorama-village/,"cm7a0bgoh026gewvgqyddt1ci: 98 Hiwon Dr, Panorama, TX, 77304",,Checked against saved 2025 Gazetteer and TIGER inputs,,,yes,4855008: Montgomery [48339],,"cm7a0bgoh026gewvgqyddt1ci: /tx/, /tx/montgomery-county/, /tx/montgomery-county/panorama-village/"
72,cdzf17qhp3a2tkeixrbrdw8s,/tx/nacogdoches-county/douglass/,place,missing-place,no,,,No Douglass canonical place. Douglass ISD Police resolves to Cushing; geographic equivalence is not established.,"Verify the community and its hierarchy from geographic evidence; if absent, create a separate manual location rather than an alias to a nearby place.",cm7a0bgoi02alewvgzbr3t6bv: Douglass ISD Police Department,cm7a0bgoi02alewvgzbr3t6bv: /tx/nacogdoches-county/cushing/,"cm7a0bgoi02alewvgzbr3t6bv: 20712 S. FM 225, Douglass, TX, 75943",,Checked against saved 2025 Gazetteer and TIGER inputs,,,yes,4818224: Nacogdoches [48347],cm7a0bgoi02alewvgzbr3t6bv,"cm7a0bgoi02alewvgzbr3t6bv: /tx/, /tx/nacogdoches-county/"
73,ca6g6b78wb5y8kkmch0ldfed,/tx/nacogdoches-county/woden/,place,missing-place,no,,,No Woden canonical place. Woden ISD Police resolves to Nacogdoches; geographic equivalence is not established.,"Verify the community and its hierarchy from geographic evidence; if absent, create a separate manual location rather than an alias to a nearby place.",cm7a0bgoi02a9ewvgkbro2fze: Woden I.S.D. Police Dept.,cm7a0bgoi02a9ewvgkbro2fze: /tx/nacogdoches-county/nacogdoches/,"cm7a0bgoi02a9ewvgkbro2fze: P.O. Box 100, Woden, TX, 75978",,Checked against saved 2025 Gazetteer and TIGER inputs,,,yes,4850256: Nacogdoches [48347],cm7a0bgoi02a9ewvgkbro2fze,"cm7a0bgoi02a9ewvgkbro2fze: /tx/, /tx/nacogdoches-county/"
74,czj80r2uh3p3khbc1vl8qoyr,/tx/parker-county/azle/,place,alias-already-present,yes,/tx/tarrant-county/azle/,c2uirq08vky32y4htx8ildlo,Existing alias verified against raw Census place/county overlap: the same place spans multiple counties. The current canonical county and alias agree with the Census import policy.,Retain existing alias.,cm7a0bgoj02jcewvgczqsgrbh: Reno Police Dept. (367204) - 367204 | cm7a0bgon036mewvg9rlhers8: Azle Police Department,cm7a0bgoj02jcewvgczqsgrbh: /tx/parker-county/reno/ | cm7a0bgon036mewvg9rlhers8: /tx/tarrant-county/azle/,"cm7a0bgoj02jcewvgczqsgrbh: 195 W Reno Rd, Azle, TX, 76020-6001 | cm7a0bgon036mewvg9rlhers8: 505 W Main St # 2, Azle, TX, 76020-2907",,Checked against saved 2025 Gazetteer and TIGER inputs,/tx/tarrant-county/azle/,/tx/tarrant-county/azle/,yes,"4805168: Tarrant [48439], Parker [48367] | 4861604: Parker [48367], Tarrant [48439]",,"cm7a0bgoj02jcewvgczqsgrbh: /tx/, /tx/parker-county/, /tx/parker-county/reno/ | cm7a0bgon036mewvg9rlhers8: /tx/, /tx/parker-county/, /tx/tarrant-county/azle/"
75,ciwkxsqgqbkdjapkt9rho251,/tx/pecos-county/ft-stockton/,place,alias-added,yes,/tx/pecos-county/fort-stockton/,ca5j1zhzis2bln21rz311s1x,"Spelling, spacing, punctuation, or abbreviation variant within the same state and county.",Applied through manual source; replay verified.,cm76wpxb601ctvrvg1quqkpgb: 112TH Judicial Dist.  ATTY.'s Office,cm76wpxb601ctvrvg1quqkpgb: /tx/pecos-county/fort-stockton/,"cm76wpxb601ctvrvg1quqkpgb: 400 S. Nelson, Ft. Stockton, TX, 79735",,Checked against saved 2025 Gazetteer and TIGER inputs,,,yes,4826808: Pecos [48371],,"cm76wpxb601ctvrvg1quqkpgb: /tx/, /tx/pecos-county/, /tx/pecos-county/fort-stockton/"
76,cl1w33eaqrdzz7xwe3vtvjle,/tx/polk-county/moscow/,place,missing-place,no,,,No Moscow canonical place. The linked constable resolves to Seven Oaks; geographic equivalence is not established.,"Verify the community and its hierarchy from geographic evidence; if absent, create a separate manual location rather than an alias to a nearby place.",cm7a0bgoj02kxewvgslkxkei1: Polk Co. Const. Pct. 3,cm7a0bgoj02kxewvgslkxkei1: /tx/polk-county/seven-oaks/,"cm7a0bgoj02kxewvgslkxkei1: RT 1 Box 12, Moscow, TX, 75960",,Checked against saved 2025 Gazetteer and TIGER inputs,,,yes,4866884: Polk [48373],cm7a0bgoj02kxewvgslkxkei1,"cm7a0bgoj02kxewvgslkxkei1: /tx/, /tx/polk-county/"
77,cnw7546swmf5fcpf8fb5bltv,/tx/randall-county/amarillo/,place,alias-already-present,yes,/tx/potter-county/amarillo/,c4cnpcidam76hypdxtbmn7tq,Existing alias verified against raw Census place/county overlap: the same place spans multiple counties. The current canonical county and alias agree with the Census import policy.,Retain existing alias.,cm7a0bgok02o8ewvg851xlmcu: Randall County Juvenile Probation | cm7a0bgok02obewvgoqhv2bri: Randall County Sheriff's Office | cm7a0bgok02ohewvglvazrl61: Randall Co. Const. Pct. 4 | cm7a0bgok02ovewvgbgy1xfjs: Lake Tanglewood Police Department | cm7a0bgok02oyewvg745viklu: Village of Timbercreek Canyon Police Department,cm7a0bgok02o8ewvg851xlmcu: /tx/potter-county/amarillo/ | cm7a0bgok02obewvgoqhv2bri: /tx/potter-county/amarillo/ | cm7a0bgok02ohewvglvazrl61: /tx/potter-county/amarillo/ | cm7a0bgok02ovewvgbgy1xfjs: /tx/potter-county/amarillo/ | cm7a0bgok02oyewvg745viklu: /tx/randall-county/timbercreek-canyon/,"cm7a0bgok02o8ewvg851xlmcu: 9300 South Georgia, Amarillo, TX, 79118 | cm7a0bgok02obewvgoqhv2bri: 9100 S Georgia St, Amarillo, TX, 79118-5073 | cm7a0bgok02ohewvglvazrl61: 4320 S. Western St., Ste 108, Amarillo, TX, 79110 | cm7a0bgok02ovewvgbgy1xfjs: 1000 Tanglewood Dr, Amarillo, TX, 79118-8024 | cm7a0bgok02oyewvg745viklu: 101 N Timbercreek Dr, Amarillo, TX, 79118-3707",,Checked against saved 2025 Gazetteer and TIGER inputs,/tx/potter-county/amarillo/,/tx/potter-county/amarillo/,yes,"4803000: Potter [48375], Randall [48381] | 4873030: Randall [48381]",cm7a0bgok02o8ewvg851xlmcu | cm7a0bgok02obewvgoqhv2bri,"cm7a0bgok02o8ewvg851xlmcu: /tx/, /tx/randall-county/ | cm7a0bgok02obewvgoqhv2bri: /tx/, /tx/randall-county/ | cm7a0bgok02ohewvglvazrl61: /tx/, /tx/potter-county/amarillo/, /tx/randall-county/ | cm7a0bgok02ovewvgbgy1xfjs: /tx/, /tx/potter-county/, /tx/potter-county/amarillo/ | cm7a0bgok02oyewvg745viklu: /tx/, /tx/randall-county/, /tx/randall-county/timbercreek-canyon/"
78,c4yalig4zvk20tegd7328jyp,/tx/red-river-county/kaufman/,place,county-or-mailing-conflict,no,/tx/kaufman-county/kaufman/,ceigclryq078c5zejctti91k,Kaufman County Constable Pct. 4 resolves to Kaufman in Kaufman County. The old Red River County parent conflicts with both names.,"Verify the original address and intended geographic entity before deciding whether to correct the hierarchy, agency assignment, or add a path alias.",cm7a0bgoc01d6ewvgokaoinyv: Kaufman Co. Const. Pct. 4,cm7a0bgoc01d6ewvgokaoinyv: /tx/kaufman-county/kaufman/,"cm7a0bgoc01d6ewvgokaoinyv: 1906 E Hwy 175, Kaufman, TX, 75412",,Checked against saved 2025 Gazetteer and TIGER inputs,,/tx/kaufman-county/kaufman/,yes,4838488: Kaufman [48257],,"cm7a0bgoc01d6ewvgokaoinyv: /tx/, /tx/kaufman-county/, /tx/kaufman-county/kaufman/"
79,chns0sc1xkv2ovlqvj4iygaf,/tx/reeves-county/pecos/,place,expanded-name-candidate,no,/tx/reeves-county/town-of-pecos/,vevurvqilf6o2u7bo2znq63d,All nine linked Pecos/Reeves agencies resolve to Town of Pecos. This is a strong official-name candidate.,Confirm the legacy geographic identity and official name; then add an alias if they denote the same place.,cm7a0bgok02q2ewvgri83ksuk: Reeves Co. Sheriff's Office | cm7a0bgok02q5ewvg820apnxk: Reeves Co. Const. Pct. 1 | cm7a0bgok02q7ewvgwcenrqtl: Reeves Co. Const. Pct. 2 | cm7a0bgok02q9ewvgnu8dw57j: Reeves Co. Const. Pct. 3 | cm7a0bgok02qbewvgj7wcuon0: Reeves Co. Const. Pct. 4 | cm7a0bgok02qdewvguljrtvhu: Pecos Police Dept. | cm7a0bgok02qgewvgxbmkwbwy: Pecos Municipal Criminal Justice Center | cm7a0bgok02qjewvgzsvmkdke: Pecos-Barstow-Toyah ISD Police Department | cm7a0bgoq03rjewvg1uzf8o96: 143RD Judicial Dist. ATTY.'s Office,cm7a0bgok02q2ewvgri83ksuk: /tx/reeves-county/town-of-pecos/ | cm7a0bgok02q5ewvg820apnxk: /tx/reeves-county/town-of-pecos/ | cm7a0bgok02q7ewvgwcenrqtl: /tx/reeves-county/town-of-pecos/ | cm7a0bgok02q9ewvgnu8dw57j: /tx/reeves-county/town-of-pecos/ | cm7a0bgok02qbewvgj7wcuon0: /tx/reeves-county/town-of-pecos/ | cm7a0bgok02qdewvguljrtvhu: /tx/reeves-county/town-of-pecos/ | cm7a0bgok02qgewvgxbmkwbwy: /tx/reeves-county/town-of-pecos/ | cm7a0bgok02qjewvgzsvmkdke: /tx/reeves-county/town-of-pecos/ | cm7a0bgoq03rjewvg1uzf8o96: /tx/reeves-county/town-of-pecos/,"cm7a0bgok02q2ewvgri83ksuk: Po Box 910, Attn: Ernesto E. Lazcano, Pecos, TX, 79772-0910 | cm7a0bgok02q5ewvg820apnxk: 701 S Hackberry, 1714 Schmidt Drive, Pecos, TX, 79772 | cm7a0bgok02q7ewvgwcenrqtl: 1212 S. Park, Pecos, TX, 79772 | cm7a0bgok02q9ewvgnu8dw57j: 802 W. Daggett, Pecos, TX, 79772 | cm7a0bgok02qbewvgj7wcuon0: 1714 Schmidt Drive, Pecos, TX, 79772 | cm7a0bgok02qdewvguljrtvhu: P.O. Box 1761, 172 Raul Florez Blvd, Pecos, TX, 79772 | cm7a0bgok02qgewvgxbmkwbwy: 172 Raul Florez Blvd., Pecos, TX, 79772 | cm7a0bgok02qjewvgzsvmkdke: 1306 S. Park Street, Pecos, TX, 79772 | cm7a0bgoq03rjewvg1uzf8o96: 301 South Oak St. Ste C, Pecos, TX, 79772",,Checked against saved 2025 Gazetteer and TIGER inputs,,,yes,4873493: Reeves [48389],,"cm7a0bgok02q2ewvgri83ksuk: /tx/, /tx/reeves-county/, /tx/reeves-county/town-of-pecos/ | cm7a0bgok02q5ewvg820apnxk: /tx/, /tx/reeves-county/, /tx/reeves-county/town-of-pecos/ | cm7a0bgok02q7ewvgwcenrqtl: /tx/, /tx/reeves-county/, /tx/reeves-county/town-of-pecos/ | cm7a0bgok02q9ewvgnu8dw57j: /tx/, /tx/reeves-county/, /tx/reeves-county/town-of-pecos/ | cm7a0bgok02qbewvgj7wcuon0: /tx/, /tx/reeves-county/, /tx/reeves-county/town-of-pecos/ | cm7a0bgok02qdewvguljrtvhu: /tx/, /tx/reeves-county/, /tx/reeves-county/town-of-pecos/ | cm7a0bgok02qgewvgxbmkwbwy: /tx/, /tx/reeves-county/, /tx/reeves-county/town-of-pecos/ | cm7a0bgok02qjewvgzsvmkdke: /tx/, /tx/reeves-county/, /tx/reeves-county/town-of-pecos/ | cm7a0bgoq03rjewvg1uzf8o96: /tx/, /tx/reeves-county/, /tx/reeves-county/town-of-pecos/"
80,c9r02vlxc9kh1jpkxiwj6ykq,/tx/runnels-county/mason/,place,county-or-mailing-conflict,no,/tx/mason-county/mason/,c3tqbjj0uqeo3fn31514xvjf,The linked 452nd District Attorney resolves to Mason in Mason County. The old Runnels County parent conflicts with that city.,"Verify the original address and intended geographic entity before deciding whether to correct the hierarchy, agency assignment, or add a path alias.",cm7a0bgog01zmewvga7n4s61o: 452nd District Attorney's Office,cm7a0bgog01zmewvga7n4s61o: /tx/mason-county/mason/,"cm7a0bgog01zmewvga7n4s61o: 1024 Mckinney Ave. ( D.A. Main Office), 111 Austin ( Invest. Main Off.), Mason, TX, 76865",,Checked against saved 2025 Gazetteer and TIGER inputs,,/tx/mason-county/mason/,yes,4846968: Mason [48319],,"cm7a0bgog01zmewvga7n4s61o: /tx/, /tx/mason-county/, /tx/mason-county/mason/"
81,c8cxzyxgbi49e73p9auih5r2,/tx/san-jacinto-county/cleveland/,place,alias-already-present,yes,/tx/liberty-county/cleveland/,ce2ob48npu1zv2f57q5iprrs,Existing alias verified against raw Census place/county overlap: the same place spans multiple counties. The current canonical county and alias agree with the Census import policy.,Retain existing alias.,cm7a0bgol02w8ewvgsa2s8313: San Jacinto Co. Const. Pct. 3,cm7a0bgol02w8ewvgsa2s8313: /tx/liberty-county/cleveland/,"cm7a0bgol02w8ewvgsa2s8313: 29 Lilley Yeager Loop N., Cleveland, TX, 77328",,Checked against saved 2025 Gazetteer and TIGER inputs,/tx/liberty-county/cleveland/,/tx/liberty-county/cleveland/,yes,"4815436: Liberty [48291], Montgomery [48339], San Jacinto [48407]",cm7a0bgol02w8ewvgsa2s8313,"cm7a0bgol02w8ewvgsa2s8313: /tx/, /tx/san-jacinto-county/"
82,cbjdnhjl9cf3ggogf9etgdkb,/tx/san-jacinto-county/pointblank/,place,alias-added,yes,/tx/san-jacinto-county/point-blank/,bj647t1f5st7g106ijk21o83,"Spelling, spacing, punctuation, or abbreviation variant within the same state and county.",Applied through manual source; replay verified.,cm7a0bgol02wbewvgrsshglqm: San Jacinto Co. Const. Pct. 4,cm7a0bgol02wbewvgrsshglqm: /tx/san-jacinto-county/point-blank/,"cm7a0bgol02wbewvgrsshglqm: 227 Boat Launch Rd, Pointblank, TX, 77364-7474",,Checked against saved 2025 Gazetteer and TIGER inputs,,,yes,4858556: San Jacinto [48407],,"cm7a0bgol02wbewvgrsshglqm: /tx/, /tx/san-jacinto-county/, /tx/san-jacinto-county/point-blank/"
83,c9talcn56knj8yy31kc53yp4,/tx/san-patricio-county/aransas-pass/,place,alias-already-present,yes,/tx/nueces-county/aransas-pass/,klx7yemmhe8kh2voeprm7pvn,Existing alias verified against raw Census place/county overlap: the same place spans multiple counties. The current canonical county and alias agree with the Census import policy.,Retain existing alias.,cm7a0bgol02x6ewvgp48gmwch: San Patricio Co. Const. Pct. 6 | cm7a0bgol02xgewvgtfja79dl: Aransas Pass Police Department,cm7a0bgol02x6ewvgp48gmwch: /tx/nueces-county/aransas-pass/ | cm7a0bgol02xgewvgtfja79dl: /tx/nueces-county/aransas-pass/,"cm7a0bgol02x6ewvgp48gmwch: 225 W. Wheeler #a, Aransas Pass, TX, 78336 | cm7a0bgol02xgewvgtfja79dl: 600 W Cleveland Blvd, Aransas Pass, TX, 78336-3638",,Checked against saved 2025 Gazetteer and TIGER inputs,/tx/nueces-county/aransas-pass/,/tx/nueces-county/aransas-pass/,yes,"4803600: Nueces [48355], Aransas [48007], San Patricio [48409]",,"cm7a0bgol02x6ewvgp48gmwch: /tx/, /tx/nueces-county/aransas-pass/, /tx/san-patricio-county/ | cm7a0bgol02xgewvgtfja79dl: /tx/, /tx/nueces-county/aransas-pass/, /tx/san-patricio-county/"
84,cgmz38x6dijkhm5hm4xhsfeh,/tx/titus-county/mt-pleasant/,place,alias-added,yes,/tx/titus-county/mount-pleasant/,cmsfn65q0d2174exbbk96c86,"Spelling, spacing, punctuation, or abbreviation variant within the same state and county.",Applied through manual source; replay verified.,cm7a0bgoo03cyewvg4cgoftxi: Titus Co. Const. Pct. 1 | cm7a0bgoo03d1ewvgep9kh2i0: Titus Co. Const. Pct. 2 | cm7a0bgoo03d4ewvghvhy2jhw: Titus Co. ATTY.'s Office | cm7a0bgoo03daewvgnre5hhsx: Titus Co. Fresh Water Supp. Police Dept.,cm7a0bgoo03cyewvg4cgoftxi: /tx/titus-county/mount-pleasant/ | cm7a0bgoo03d1ewvgep9kh2i0: /tx/titus-county/mount-pleasant/ | cm7a0bgoo03d4ewvghvhy2jhw: /tx/titus-county/mount-pleasant/ | cm7a0bgoo03daewvgnre5hhsx: /tx/titus-county/mount-pleasant/,"cm7a0bgoo03cyewvg4cgoftxi: 100 S. Madison, Mt. Pleasant, TX, 75455 | cm7a0bgoo03d1ewvgep9kh2i0: 100 S Madison, Mt. Pleasant, TX, 75455 | cm7a0bgoo03d4ewvghvhy2jhw: 100 West First, Room 102, Mt. Pleasant, TX, 75455 | cm7a0bgoo03daewvgnre5hhsx: P.O. Box 650, Mt. Pleasant, TX, 75456-0650",,Checked against saved 2025 Gazetteer and TIGER inputs,,,yes,4849800: Titus [48449],,"cm7a0bgoo03cyewvg4cgoftxi: /tx/, /tx/titus-county/, /tx/titus-county/mount-pleasant/ | cm7a0bgoo03d1ewvgep9kh2i0: /tx/, /tx/titus-county/, /tx/titus-county/mount-pleasant/ | cm7a0bgoo03d4ewvghvhy2jhw: /tx/, /tx/titus-county/, /tx/titus-county/mount-pleasant/ | cm7a0bgoo03daewvgnre5hhsx: /tx/, /tx/titus-county/, /tx/titus-county/mount-pleasant/"
85,ckmyiftnrljc86qd73ounpf8,/tx/travis-county/buda/,place,county-or-mailing-conflict,no,/tx/hays-county/buda/,c1l087z4ip685mtmmcu44t0q,Hays County Constable Pct. 5 resolves to Buda in Hays County. The old Travis County hierarchy requires address and boundary confirmation.,"Verify the original address and intended geographic entity before deciding whether to correct the hierarchy, agency assignment, or add a path alias.",cm7a0bgo800n8ewvgppt1kslt: Hays Co. Const. Pct. 5,cm7a0bgo800n8ewvgppt1kslt: /tx/hays-county/buda/,"cm7a0bgo800n8ewvgppt1kslt: Po Box 236, Buda, TX, 78610-0236",,Checked against saved 2025 Gazetteer and TIGER inputs,,/tx/hays-county/buda/,yes,4811080: Hays [48209],,"cm7a0bgo800n8ewvgppt1kslt: /tx/, /tx/hays-county/, /tx/hays-county/buda/"
86,cphk29lo3a68o784i1zmh814,/tx/travis-county/del-valle/,place,missing-place,no,,,No Del Valle canonical place. Del Valle ISD Police resolves to Austin; the mailing community and the whole city are not established equivalents.,"Verify the community and its hierarchy from geographic evidence; if absent, create a separate manual location rather than an alias to a nearby place.",cm7a0bgop03itewvgnv2ydynb: Del Valle ISD Police Department,cm7a0bgop03itewvgnv2ydynb: /tx/travis-county/austin/,"cm7a0bgop03itewvgnv2ydynb: 5201 Ross Rd, Del Valle, TX, 78617-3202",,Checked against saved 2025 Gazetteer and TIGER inputs,,,yes,"4805000: Travis [48453], Williamson [48491], Hays [48209], Bastrop [48021]",cm7a0bgop03itewvgnv2ydynb,"cm7a0bgop03itewvgnv2ydynb: /tx/, /tx/travis-county/"
87,c21a6lh1qrc2cr6l5hmkqqtj,/tx/trinity-county/apple-springs/,place,missing-place,no,,,No Apple Springs canonical place. The linked constable resolves to Hudson in Angelina County; geographic equivalence is not established.,"Verify the community and its hierarchy from geographic evidence; if absent, create a separate manual location rather than an alias to a nearby place.",cm7a0bgop03jbewvguoqaf5bi: Trinity Co. Const. Pct. 4,cm7a0bgop03jbewvguoqaf5bi: /tx/angelina-county/hudson/,"cm7a0bgop03jbewvguoqaf5bi: P O Box 81, Apple Springs, TX, 75926",,Checked against saved 2025 Gazetteer and TIGER inputs,,,yes,4835228: Angelina [48005],cm7a0bgop03jbewvguoqaf5bi,"cm7a0bgop03jbewvguoqaf5bi: /tx/, /tx/trinity-county/"
88,cpxlqjyptiw8bsvo2jmvgzmg,/tx/upshur-county/gladewater/,place,alias-already-present,yes,/tx/gregg-county/gladewater/,ckq81b15kv4iiugy1slub0um,Existing alias verified against raw Census place/county overlap: the same place spans multiple counties. The current canonical county and alias agree with the Census import policy.,Retain existing alias.,cm7a0bgop03kjewvgp01oijjn: Upshur Co. Const. Pct. 3,cm7a0bgop03kjewvgp01oijjn: /tx/gregg-county/gladewater/,"cm7a0bgop03kjewvgp01oijjn: 2498 West Upshur Avenue, Gladewater, TX, 75647",,Checked against saved 2025 Gazetteer and TIGER inputs,/tx/gregg-county/gladewater/,/tx/gregg-county/gladewater/,yes,"4829660: Gregg [48183], Upshur [48459]",,"cm7a0bgop03kjewvgp01oijjn: /tx/, /tx/gregg-county/gladewater/, /tx/upshur-county/"
89,c8afg1ibx72too0y6uk2kzcx,/tx/uvalde-county/concan/,place,missing-place,no,,,No Concan canonical place. The linked constable resolves to Leakey in Real County; geographic equivalence is not established.,"Verify the community and its hierarchy from geographic evidence; if absent, create a separate manual location rather than an alias to a nearby place.",cm7a0bgop03loewvg93d8mirz: Uvalde Co. Const. Pct. 3,cm7a0bgop03loewvg93d8mirz: /tx/real-county/leakey/,"cm7a0bgop03loewvg93d8mirz: P O Box 96, Concan, TX, 78838",,Checked against saved 2025 Gazetteer and TIGER inputs,,,yes,4842004: Real [48385],cm7a0bgop03loewvg93d8mirz,"cm7a0bgop03loewvg93d8mirz: /tx/, /tx/uvalde-county/"
90,caf0sh8txro8m4559x2d5vj4,/tx/van-zandt-county/mabank/,place,alias-already-present,yes,/tx/kaufman-county/mabank/,cxrbaxdpfkq0od3uyxs3vac1,Existing alias verified against raw Census place/county overlap: the same place spans multiple counties. The current canonical county and alias agree with the Census import policy.,Retain existing alias.,cm7a0bgo900pnewvgxtm0g17y: Enchanted Oaks Police Dept.,cm7a0bgo900pnewvgxtm0g17y: /tx/kaufman-county/mabank/,"cm7a0bgo900pnewvgxtm0g17y: P. O. Box 5019, Mabank, TX, 75147",,Checked against saved 2025 Gazetteer and TIGER inputs,/tx/kaufman-county/mabank/,/tx/kaufman-county/mabank/,yes,"4845324: Kaufman [48257], Henderson [48213], Van Zandt [48467]",,"cm7a0bgo900pnewvgxtm0g17y: /tx/, /tx/kaufman-county/, /tx/kaufman-county/mabank/"
91,cvupcmznwqe1erqkgsq0zwfz,/tx/zavala-county/lapryor/,place,alias-added,yes,/tx/zavala-county/la-pryor/,pd8aa3mfb8fwynel6fw9yyqc,"Spelling, spacing, punctuation, or abbreviation variant within the same state and county.",Applied through manual source; replay verified.,cm7a0bgot0468ewvginnn0mqy: Zavala Co. Const. Pct. 4,cm7a0bgot0468ewvginnn0mqy: /tx/zavala-county/la-pryor/,"cm7a0bgot0468ewvginnn0mqy: Po Box 215, 121 US Hwy 57, La Pryor, TX, 78872",,Checked against saved 2025 Gazetteer and TIGER inputs,,,yes,4841452: Zavala [48507],cm7a0bgot0468ewvginnn0mqy,"cm7a0bgot0468ewvginnn0mqy: /tx/, /tx/zavala-county/"
92,cjaes17wi1p281txosr2xapd,/ct/hartford-county/,administrative_area,historical-administrative-area,no,,,Hartford County is an old county geography. Connecticut replaced eight county equivalents with nine planning regions; no one-to-one equivalent is established.,Keep historical county identity separate from current planning regions; do not alias the county wholesale to one region.,,,,https://www.census.gov/programs-surveys/acs/technical-documentation/user-notes/2023-01.html,Checked against saved 2025 Gazetteer and TIGER inputs,,,yes,,,
93,copq7v3jkzal9ci5drtyalzm,/ct/hartford-county/hartford/,place,changed-parent-candidate,no,/ct/capitol-planning-region/hartford/,ihalc2n5hhm77acfpybpa9q3,"Hartford exists under the new planning region. The linked State of Connecticut record now says Abbott, TX, and cannot corroborate the geography.","Verify city identity from geographic evidence independently of the placeholder agency, then consider a city-path alias.",cm7a0bgot047zewvg2ciurb2p: State of Connecticut,cm7a0bgot047zewvg2ciurb2p: /tx/hill-county/abbott/,"cm7a0bgot047zewvg2ciurb2p: Null, Abbott, TX, 00000-0000",https://www.census.gov/programs-surveys/acs/technical-documentation/user-notes/2023-01.html,Checked against saved 2025 Gazetteer and TIGER inputs,,/ct/capitol-planning-region/hartford/,yes,0937000: Capitol [09110] | 4800100: Hill [48217],cm7a0bgot047zewvg2ciurb2p,"cm7a0bgot047zewvg2ciurb2p: /tx/, /tx/hill-county/"
94,c2vsnaloigw71sqi91im36pl,/dc/district-of-columbia-county/,administrative_area,administrative-name-candidate,no,/dc/district-of-columbia/,c0rb6cmo18lqt4xjdjb7je2r,"The current administrative-area path drops the county suffix. This is an administrative naming candidate, separate from the approved place spelling batch.","Verify the two administrative records denote the same extent, then add an alias if equivalent.",,,,,Checked against saved 2025 Gazetteer and TIGER inputs,,,yes,,,
95,cq38px5nj6cy3xn4jwtz85tu,/dc/district-of-columbia-county/n-w-washington/,place,geographic-scope-conflict,no,/dc/district-of-columbia/washington/,clkjo4tvva6emp4uae2rv556,N.W. Washington is a quadrant/mailing designation; the Federal Reserve agency resolves to Washington. Determine whether the old record intended the whole city or only the quadrant.,Review geographic scope before adding a whole-city alias.,cm7a0bgot046xewvgaaosroib: U.S. Federal Reserve System,cm7a0bgot046xewvgaaosroib: /dc/district-of-columbia/washington/,"cm7a0bgot046xewvgaaosroib: 20th St. and Constitution Ave., N.W., Washington, DC, 20551",,Checked against saved 2025 Gazetteer and TIGER inputs,,,yes,1150000: District of Columbia [11001],,"cm7a0bgot046xewvgaaosroib: /dc/, /dc/district-of-columbia/, /dc/district-of-columbia/washington/"
96,ctxgyfcf2jzg4n7muu1y6k4r,/hi/honolulu-county/honolulu/,place,geographic-scope-conflict,no,/hi/honolulu-county/urban-honolulu/ | /hi/honolulu-county/east-honolulu/,mmovfwz68ir8kpu8wl97yjm0 | jzyfmk4x1qe0x2kuteyw649t,"Two Honolulu-named Census places exist. The legacy Honolulu label does not establish which statistical extent it meant. The State of Hawaii agency now says Abbott, TX, and is unusable corroboration.",Resolve city/county versus Census-place extent from geographic evidence; do not choose a target by name alone.,cm7a0bgot0487ewvgdlewthlp: State of Hawaii,cm7a0bgot0487ewvgdlewthlp: /tx/hill-county/abbott/,"cm7a0bgot0487ewvgdlewthlp: Null, Abbott, TX, 00000-0000",,Checked against saved 2025 Gazetteer and TIGER inputs,,,yes,1506290: Honolulu [15003] | 1571550: Honolulu [15003] | 4800100: Hill [48217],cm7a0bgot0487ewvgdlewthlp,"cm7a0bgot0487ewvgdlewthlp: /tx/, /tx/hill-county/"
97,ceq428lkivhx7fhjnieky9ln,/id/ada-county/boise/,place,expanded-name-candidate,no,/id/ada-county/boise-city/,o95hr3dwibq1lp7auetwi9ob,"Boise City is the same-county name candidate. The State of Idaho agency now says Abbott, TX, so that agency is unusable corroboration.",Confirm the legacy geographic identity and official name; then add an alias if they denote the same place.,cm7a0bgot0489ewvgfnbl3tn6: State of Idaho,cm7a0bgot0489ewvgfnbl3tn6: /tx/hill-county/abbott/,"cm7a0bgot0489ewvgfnbl3tn6: Null, Abbott, TX, 00000-0000",,Checked against saved 2025 Gazetteer and TIGER inputs,,,yes,1608830: Ada [16001] | 4800100: Hill [48217],cm7a0bgot0489ewvgfnbl3tn6,"cm7a0bgot0489ewvgfnbl3tn6: /tx/, /tx/hill-county/"
98,cq8wbupzq1klazsw3quqxk2p,/in/marion-county/indianapolis/,place,geographic-scope-conflict,no,/in/marion-county/indianapolis-city-balance/,u4x0c9dritthm7y3pi7yv3ea,The current candidate explicitly represents the city balance. The legacy Indianapolis label may denote a different consolidated extent. The old State of Indiana agency is absent from current agencies.,Verify whether the old location denoted the balance or consolidated city before aliasing.,cm7a0bgot048dewvgk2slgc20: State of Indiana,,,,Checked against saved 2025 Gazetteer and TIGER inputs,,,yes,1836003: Marion [18097],,
99,cshsm5n24vbi0uel6wfa8k5q,/tn/davidson-county/nashville/,place,geographic-scope-conflict,no,/tn/davidson-county/nashville-davidson-metropolitan-government-balance/,zszys00fo57ej2q5bdlkgj0q,"The current candidate is the metropolitan-government balance, not an established equivalent of every Nashville usage. The State of Tennessee agency now says Abbott, TX, and is unusable corroboration.",Verify the intended consolidated-government versus balance extent before aliasing.,cm7a0bgot049xewvg7zcy2a2p: State of Tennessee,cm7a0bgot049xewvg7zcy2a2p: /tx/hill-county/abbott/,"cm7a0bgot049xewvg7zcy2a2p: Null, Abbott, TX, 00000-0000",,Checked against saved 2025 Gazetteer and TIGER inputs,,,yes,4752006: Davidson [47037] | 4800100: Hill [48217],cm7a0bgot049xewvg7zcy2a2p,"cm7a0bgot049xewvg7zcy2a2p: /tx/, /tx/hill-county/"
100,cqkcch069qcbfwm5knncnhlf,/tx/mclennan-county/axtell/,place,missing-place,no,,,No Axtell canonical place. Axtell ISD Police resolves to Hallsburg; geographic equivalence is not established.,"Verify the community and its hierarchy from geographic evidence; if absent, create a separate manual location rather than an alias to a nearby place.",cm7a0bgog01y6ewvgk29umr61: Axtell ISD Police Department,cm7a0bgog01y6ewvgk29umr61: /tx/mclennan-county/hallsburg/,"cm7a0bgog01y6ewvgk29umr61: 1178 Longhorn Parkway, Axtell, TX, 76624",,Checked against saved 2025 Gazetteer and TIGER inputs,,,yes,4831880: McLennan [48309],cm7a0bgog01y6ewvgk29umr61,"cm7a0bgog01y6ewvgk29umr61: /tx/, /tx/mclennan-county/"
101,clpof2we64bc9vhtsl5m04g0,/tx/travis-county/abbott/,place,county-or-mailing-conflict,no,/tx/hill-county/abbott/,unu5b4djdkrf08xnnh9k9rlg,Abbott exists in Hill County. The linked Foreign Service record uses Abbott as its city; this generic agency record does not corroborate a real location in either county.,"Verify the original address and intended geographic entity before deciding whether to correct the hierarchy, agency assignment, or add a path alias.",cm7a0bgot04afewvgjh28pftq: Foreign Service,cm7a0bgot04afewvgjh28pftq: /tx/hill-county/abbott/,"cm7a0bgot04afewvgjh28pftq: 12t, Abbott, TX, 78723",,Checked against saved 2025 Gazetteer and TIGER inputs,,/tx/hill-county/abbott/,yes,4800100: Hill [48217],cm7a0bgot04afewvgjh28pftq,"cm7a0bgot04afewvgjh28pftq: /tx/, /tx/hill-county/"
102,cj6pzdiuubwalniesh19pbs0,/tx/upton-county/midkiff/,place,missing-place,no,,,No Midkiff canonical place. The linked constable resolves to Rankin; geographic equivalence is not established.,"Verify the community and its hierarchy from geographic evidence; if absent, create a separate manual location rather than an alias to a nearby place.",cm7a0bgop03l9ewvgebglraqi: Upton Co. Const. Pct. 1,cm7a0bgop03l9ewvgebglraqi: /tx/upton-county/rankin/,"cm7a0bgop03l9ewvgebglraqi: 1500 Couny Road 255, Midkiff, TX, 79755",,Checked against saved 2025 Gazetteer and TIGER inputs,,,yes,4860668: Upton [48461],cm7a0bgop03l9ewvgebglraqi,"cm7a0bgop03l9ewvgebglraqi: /tx/, /tx/upton-county/"
103,c0dcfairfaxcounty000001,/dc/fairfax-county/,administrative_area,invalid-hierarchy,no,/va/fairfax-county/,cx6vg9c44efm4hxvtrmabvym,"Fairfax County is present under Virginia, not DC. No legacy agency directly references this old administrative-area row.",Determine the intended jurisdiction from original evidence; do not create an alias solely to repair the state segment.,,,,,Checked against saved 2025 Gazetteer and TIGER inputs,,,yes,,,
104,c0dcfairfaxwashington001,/dc/fairfax-county/washington/,place,invalid-hierarchy,no,/dc/district-of-columbia/washington/,clkjo4tvva6emp4uae2rv556,"Washington is present under DC, but the legacy Fairfax County parent is inconsistent. No legacy agency directly references this row.",Determine whether the intended place was Washington or a Virginia location before adding an alias.,,,,,Checked against saved 2025 Gazetteer and TIGER inputs,,/dc/district-of-columbia/washington/,yes,1150000: District of Columbia [11001],,
